grand_domaine,domaine_professionnel,code_rome,description_code_rome,date_mise_à_jour_metabase
"A- Agriculture et Pêche, Espaces naturels et Espaces verts, Soins aux animaux",A11- Engins agricoles et forestiers,A1101,Conduite d'engins agricoles et forestiers,2021-12-20
"A- Agriculture et Pêche, Espaces naturels et Espaces verts, Soins aux animaux",A12- Espaces naturels et espaces verts,A1201,Bûcheronnage et élagage,2021-12-20
"A- Agriculture et Pêche, Espaces naturels et Espaces verts, Soins aux animaux",A12- Espaces naturels et espaces verts,A1202,Entretien des espaces naturels,2021-12-20
"A- Agriculture et Pêche, Espaces naturels et Espaces verts, Soins aux animaux",A12- Espaces naturels et espaces verts,A1203,Aménagement et entretien des espaces verts,2021-12-20
"A- Agriculture et Pêche, Espaces naturels et Espaces verts, Soins aux animaux",A12- Espaces naturels et espaces verts,A1204,Protection du patrimoine naturel,2021-12-20
"A- Agriculture et Pêche, Espaces naturels et Espaces verts, Soins aux animaux",A12- Espaces naturels et espaces verts,A1205,Sylviculture,2021-12-20
"A- Agriculture et Pêche, Espaces naturels et Espaces verts, Soins aux animaux",A13- Etudes et assistance technique,A1301,Conseil et assistance technique en agriculture,2021-12-20
"A- Agriculture et Pêche, Espaces naturels et Espaces verts, Soins aux animaux",A13- Etudes et assistance technique,A1302,Contrôle et diagnostic technique en agriculture,2021-12-20
"A- Agriculture et Pêche, Espaces naturels et Espaces verts, Soins aux animaux",A13- Etudes et assistance technique,A1303,Ingénierie en agriculture et environnement naturel,2021-12-20
"A- Agriculture et Pêche, Espaces naturels et Espaces verts, Soins aux animaux",A14- Production,A1401,Aide agricole de production fruitière ou viticole,2021-12-20
"A- Agriculture et Pêche, Espaces naturels et Espaces verts, Soins aux animaux",A14- Production,A1402,Aide agricole de production légumière ou végétale,2021-12-20
"A- Agriculture et Pêche, Espaces naturels et Espaces verts, Soins aux animaux",A14- Production,A1403,Aide d'élevage agricole et aquacole,2021-12-20
"A- Agriculture et Pêche, Espaces naturels et Espaces verts, Soins aux animaux",A14- Production,A1404,Aquaculture,2021-12-20
"A- Agriculture et Pêche, Espaces naturels et Espaces verts, Soins aux animaux",A14- Production,A1405,Arboriculture et viticulture,2021-12-20
"A- Agriculture et Pêche, Espaces naturels et Espaces verts, Soins aux animaux",A14- Production,A1406,Encadrement équipage de la pêche,2021-12-20
"A- Agriculture et Pêche, Espaces naturels et Espaces verts, Soins aux animaux",A14- Production,A1407,Élevage bovin ou équin,2021-12-20
"A- Agriculture et Pêche, Espaces naturels et Espaces verts, Soins aux animaux",A14- Production,A1408,Élevage d'animaux sauvages ou de compagnie,2021-12-20
"A- Agriculture et Pêche, Espaces naturels et Espaces verts, Soins aux animaux",A14- Production,A1409,Élevage de lapins et volailles,2021-12-20
"A- Agriculture et Pêche, Espaces naturels et Espaces verts, Soins aux animaux",A14- Production,A1410,Élevage ovin ou caprin,2021-12-20
"A- Agriculture et Pêche, Espaces naturels et Espaces verts, Soins aux animaux",A14- Production,A1411,Élevage porcin,2021-12-20
"A- Agriculture et Pêche, Espaces naturels et Espaces verts, Soins aux animaux",A14- Production,A1412,Fabrication et affinage de fromages,2021-12-20
"A- Agriculture et Pêche, Espaces naturels et Espaces verts, Soins aux animaux",A14- Production,A1413,Fermentation de boissons alcoolisées,2021-12-20
"A- Agriculture et Pêche, Espaces naturels et Espaces verts, Soins aux animaux",A14- Production,A1414,Horticulture et maraîchage,2021-12-20
"A- Agriculture et Pêche, Espaces naturels et Espaces verts, Soins aux animaux",A14- Production,A1415,Equipage de la pêche,2021-12-20
"A- Agriculture et Pêche, Espaces naturels et Espaces verts, Soins aux animaux",A14- Production,A1416,"Polyculture, élevage",2021-12-20
"A- Agriculture et Pêche, Espaces naturels et Espaces verts, Soins aux animaux",A14- Production,A1417,Saliculture,2021-12-20
"A- Agriculture et Pêche, Espaces naturels et Espaces verts, Soins aux animaux",A15- Soins aux animaux,A1501,Aide aux soins animaux,2021-12-20
"A- Agriculture et Pêche, Espaces naturels et Espaces verts, Soins aux animaux",A15- Soins aux animaux,A1502,Podologie animale,2021-12-20
"A- Agriculture et Pêche, Espaces naturels et Espaces verts, Soins aux animaux",A15- Soins aux animaux,A1503,Toilettage des animaux,2021-12-20
"A- Agriculture et Pêche, Espaces naturels et Espaces verts, Soins aux animaux",A15- Soins aux animaux,A1504,Santé animale,2021-12-20
B- Arts et Façonnage d'ouvrages d'art,B11- Arts plastiques,B1101,Création en arts plastiques,2021-12-20
B- Arts et Façonnage d'ouvrages d'art,B12- Céramique,B1201,Réalisation d'objets décoratifs et utilitaires en céramique et matériaux de synthèse,2021-12-20
B- Arts et Façonnage d'ouvrages d'art,B13- Décoration,B1301,Décoration d'espaces de vente et d'exposition,2021-12-20
B- Arts et Façonnage d'ouvrages d'art,B13- Décoration,B1302,Décoration d'objets d'art et artisanaux,2021-12-20
B- Arts et Façonnage d'ouvrages d'art,B13- Décoration,B1303,Gravure - ciselure,2021-12-20
B- Arts et Façonnage d'ouvrages d'art,B14- Fibres et papier,B1401,"Réalisation d'objets en lianes, fibres et brins végétaux",2021-12-20
B- Arts et Façonnage d'ouvrages d'art,B14- Fibres et papier,B1402,Reliure et restauration de livres et archives,2021-12-20
B- Arts et Façonnage d'ouvrages d'art,B15- Instruments de musique,B1501,Fabrication et réparation d'instruments de musique,2021-12-20
B- Arts et Façonnage d'ouvrages d'art,"B16- Métal, verre, bijouterie et horlogerie",B1601,Métallerie d'art,2021-12-20
B- Arts et Façonnage d'ouvrages d'art,"B16- Métal, verre, bijouterie et horlogerie",B1602,Réalisation d'objets artistiques et fonctionnels en verre,2021-12-20
B- Arts et Façonnage d'ouvrages d'art,"B16- Métal, verre, bijouterie et horlogerie",B1603,"Réalisation d'ouvrages en bijouterie, joaillerie et orfèvrerie",2021-12-20
B- Arts et Façonnage d'ouvrages d'art,"B16- Métal, verre, bijouterie et horlogerie",B1604,Réparation - montage en systèmes horlogers,2021-12-20
B- Arts et Façonnage d'ouvrages d'art,B17- Taxidermie,B1701,Conservation et reconstitution d'espèces animales,2021-12-20
B- Arts et Façonnage d'ouvrages d'art,B18- Tissu et cuirs,B1801,Réalisation d'articles de chapellerie,2021-12-20
B- Arts et Façonnage d'ouvrages d'art,B18- Tissu et cuirs,B1802,Réalisation d'articles en cuir et matériaux souples (hors vêtement),2021-12-20
B- Arts et Façonnage d'ouvrages d'art,B18- Tissu et cuirs,B1803,Réalisation de vêtements sur mesure ou en petite série,2021-12-20
B- Arts et Façonnage d'ouvrages d'art,B18- Tissu et cuirs,B1804,Réalisation d'ouvrages d'art en fils,2021-12-20
B- Arts et Façonnage d'ouvrages d'art,B18- Tissu et cuirs,B1805,Stylisme,2021-12-20
B- Arts et Façonnage d'ouvrages d'art,B18- Tissu et cuirs,B1806,Tapisserie - décoration en ameublement,2021-12-20
"C- Banque, Assurance, Immobilier",C11- Assurance,C1101,Conception - développement produits d'assurances,2021-12-20
"C- Banque, Assurance, Immobilier",C11- Assurance,C1102,Conseil clientèle en assurances,2021-12-20
"C- Banque, Assurance, Immobilier",C11- Assurance,C1103,Courtage en assurances,2021-12-20
"C- Banque, Assurance, Immobilier",C11- Assurance,C1104,Direction d'exploitation en assurances,2021-12-20
"C- Banque, Assurance, Immobilier",C11- Assurance,C1105,Études actuarielles en assurances,2021-12-20
"C- Banque, Assurance, Immobilier",C11- Assurance,C1106,Expertise risques en assurances,2021-12-20
"C- Banque, Assurance, Immobilier",C11- Assurance,C1107,Indemnisations en assurances,2021-12-20
"C- Banque, Assurance, Immobilier",C11- Assurance,C1108,Management de groupe et de service en assurances,2021-12-20
"C- Banque, Assurance, Immobilier",C11- Assurance,C1109,Rédaction et gestion en assurances,2021-12-20
"C- Banque, Assurance, Immobilier",C11- Assurance,C1110,Souscription d'assurances,2021-12-20
"C- Banque, Assurance, Immobilier",C12- Banque,C1201,Accueil et services bancaires,2021-12-20
"C- Banque, Assurance, Immobilier",C12- Banque,C1202,Analyse de crédits et risques bancaires,2021-12-20
"C- Banque, Assurance, Immobilier",C12- Banque,C1203,Relation clients banque/finance,2021-12-20
"C- Banque, Assurance, Immobilier",C12- Banque,C1204,Conception et expertise produits bancaires et financiers,2021-12-20
"C- Banque, Assurance, Immobilier",C12- Banque,C1205,Conseil en gestion de patrimoine financier,2021-12-20
"C- Banque, Assurance, Immobilier",C12- Banque,C1206,Gestion de clientèle bancaire,2021-12-20
"C- Banque, Assurance, Immobilier",C12- Banque,C1207,Management en exploitation bancaire,2021-12-20
"C- Banque, Assurance, Immobilier",C13- Finance,C1301,Front office marchés financiers,2021-12-20
"C- Banque, Assurance, Immobilier",C13- Finance,C1302,Gestion back et middle-office marchés financiers,2021-12-20
"C- Banque, Assurance, Immobilier",C13- Finance,C1303,Gestion de portefeuilles sur les marchés financiers,2021-12-20
"C- Banque, Assurance, Immobilier",C14- Gestion administrative banque et assurances,C1401,Gestion en banque et assurance,2021-12-20
"C- Banque, Assurance, Immobilier",C15- Immobilier,C1501,Gérance immobilière,2021-12-20
"C- Banque, Assurance, Immobilier",C15- Immobilier,C1502,Gestion locative immobilière,2021-12-20
"C- Banque, Assurance, Immobilier",C15- Immobilier,C1503,Management de projet immobilier,2021-12-20
"C- Banque, Assurance, Immobilier",C15- Immobilier,C1504,Transaction immobilière,2021-12-20
"D- Commerce, Vente et Grande distribution",D11- Commerce alimentaire et métiers de bouche,D1101,Boucherie,2021-12-20
"D- Commerce, Vente et Grande distribution",D11- Commerce alimentaire et métiers de bouche,D1102,Boulangerie - viennoiserie,2021-12-20
"D- Commerce, Vente et Grande distribution",D11- Commerce alimentaire et métiers de bouche,D1103,Charcuterie - traiteur,2021-12-20
"D- Commerce, Vente et Grande distribution",D11- Commerce alimentaire et métiers de bouche,D1104,"Pâtisserie, confiserie, chocolaterie et glacerie",2021-12-20
"D- Commerce, Vente et Grande distribution",D11- Commerce alimentaire et métiers de bouche,D1105,Poissonnerie,2021-12-20
"D- Commerce, Vente et Grande distribution",D11- Commerce alimentaire et métiers de bouche,D1106,Vente en alimentation,2021-12-20
"D- Commerce, Vente et Grande distribution",D11- Commerce alimentaire et métiers de bouche,D1107,Vente en gros de produits frais,2021-12-20
"D- Commerce, Vente et Grande distribution",D12- Commerce non alimentaire et de prestations de confort,D1201,"Achat vente d'objets d'art, anciens ou d'occasion",2021-12-20
"D- Commerce, Vente et Grande distribution",D12- Commerce non alimentaire et de prestations de confort,D1202,Coiffure,2021-12-20
"D- Commerce, Vente et Grande distribution",D12- Commerce non alimentaire et de prestations de confort,D1203,Hydrothérapie,2021-12-20
"D- Commerce, Vente et Grande distribution",D12- Commerce non alimentaire et de prestations de confort,D1204,Location de véhicules ou de matériel de loisirs,2021-12-20
"D- Commerce, Vente et Grande distribution",D12- Commerce non alimentaire et de prestations de confort,D1205,Nettoyage d'articles textiles ou cuirs,2021-12-20
"D- Commerce, Vente et Grande distribution",D12- Commerce non alimentaire et de prestations de confort,D1206,Réparation d'articles en cuir et matériaux souples,2021-12-20
"D- Commerce, Vente et Grande distribution",D12- Commerce non alimentaire et de prestations de confort,D1207,Retouches en habillement,2021-12-20
"D- Commerce, Vente et Grande distribution",D12- Commerce non alimentaire et de prestations de confort,D1208,Soins esthétiques et corporels,2021-12-20
"D- Commerce, Vente et Grande distribution",D12- Commerce non alimentaire et de prestations de confort,D1209,Vente de végétaux,2021-12-20
"D- Commerce, Vente et Grande distribution",D12- Commerce non alimentaire et de prestations de confort,D1210,Vente en animalerie,2021-12-20
"D- Commerce, Vente et Grande distribution",D12- Commerce non alimentaire et de prestations de confort,D1211,Vente en articles de sport et loisirs,2021-12-20
"D- Commerce, Vente et Grande distribution",D12- Commerce non alimentaire et de prestations de confort,D1212,Vente en décoration et équipement du foyer,2021-12-20
"D- Commerce, Vente et Grande distribution",D12- Commerce non alimentaire et de prestations de confort,D1213,Vente en gros de matériel et équipement,2021-12-20
"D- Commerce, Vente et Grande distribution",D12- Commerce non alimentaire et de prestations de confort,D1214,Vente en habillement et accessoires de la personne,2021-12-20
"D- Commerce, Vente et Grande distribution",D13- Direction de magasin de détail,D1301,Management de magasin de détail,2021-12-20
"D- Commerce, Vente et Grande distribution",D14- Force de vente,D1401,Assistanat commercial,2021-12-20
"D- Commerce, Vente et Grande distribution",D14- Force de vente,D1402,Relation commerciale grands comptes et entreprises,2021-12-20
"D- Commerce, Vente et Grande distribution",D14- Force de vente,D1403,Relation commerciale auprès de particuliers,2021-12-20
"D- Commerce, Vente et Grande distribution",D14- Force de vente,D1404,Relation commerciale en vente de véhicules,2021-12-20
"D- Commerce, Vente et Grande distribution",D14- Force de vente,D1405,Conseil en information médicale,2021-12-20
"D- Commerce, Vente et Grande distribution",D14- Force de vente,D1406,Management en force de vente,2021-12-20
"D- Commerce, Vente et Grande distribution",D14- Force de vente,D1407,Relation technico-commerciale,2021-12-20
"D- Commerce, Vente et Grande distribution",D14- Force de vente,D1408,Téléconseil et télévente,2021-12-20
"D- Commerce, Vente et Grande distribution",D15- Grande distribution,D1501,Animation de vente,2021-12-20
"D- Commerce, Vente et Grande distribution",D15- Grande distribution,D1502,Management/gestion de rayon produits alimentaires,2021-12-20
"D- Commerce, Vente et Grande distribution",D15- Grande distribution,D1503,Management/gestion de rayon produits non alimentaires,2021-12-20
"D- Commerce, Vente et Grande distribution",D15- Grande distribution,D1504,Direction de magasin de grande distribution,2021-12-20
"D- Commerce, Vente et Grande distribution",D15- Grande distribution,D1505,Personnel de caisse,2021-12-20
"D- Commerce, Vente et Grande distribution",D15- Grande distribution,D1506,Marchandisage,2021-12-20
"D- Commerce, Vente et Grande distribution",D15- Grande distribution,D1507,Mise en rayon libre-service,2021-12-20
"D- Commerce, Vente et Grande distribution",D15- Grande distribution,D1508,Encadrement du personnel de caisses,2021-12-20
"D- Commerce, Vente et Grande distribution",D15- Grande distribution,D1509,Management de département en grande distribution,2021-12-20
"E- Communication, Média et Multimédia",E11- Edition et communication,E1101,Animation de site multimédia,2021-12-20
"E- Communication, Média et Multimédia",E11- Edition et communication,E1102,"Ecriture d'ouvrages, de livres",2021-12-20
"E- Communication, Média et Multimédia",E11- Edition et communication,E1103,Communication,2021-12-20
"E- Communication, Média et Multimédia",E11- Edition et communication,E1104,Conception de contenus multimédias,2021-12-20
"E- Communication, Média et Multimédia",E11- Edition et communication,E1105,Coordination d'édition,2021-12-20
"E- Communication, Média et Multimédia",E11- Edition et communication,E1106,Journalisme et information média,2021-12-20
"E- Communication, Média et Multimédia",E11- Edition et communication,E1107,Organisation d'évènementiel,2021-12-20
"E- Communication, Média et Multimédia",E11- Edition et communication,E1108,"Traduction, interprétariat",2021-12-20
"E- Communication, Média et Multimédia",E12- Images et sons,E1201,Photographie,2021-12-20
"E- Communication, Média et Multimédia",E12- Images et sons,E1202,Production en laboratoire cinématographique,2021-12-20
"E- Communication, Média et Multimédia",E12- Images et sons,E1203,Production en laboratoire photographique,2021-12-20
"E- Communication, Média et Multimédia",E12- Images et sons,E1204,Projection cinéma,2021-12-20
"E- Communication, Média et Multimédia",E12- Images et sons,E1205,Réalisation de contenus multimédias,2021-12-20
"E- Communication, Média et Multimédia",E13- Industries graphiques,E1301,Conduite de machines d'impression,2021-12-20
"E- Communication, Média et Multimédia",E13- Industries graphiques,E1302,Conduite de machines de façonnage routage,2021-12-20
"E- Communication, Média et Multimédia",E13- Industries graphiques,E1303,Encadrement des industries graphiques,2021-12-20
"E- Communication, Média et Multimédia",E13- Industries graphiques,E1304,Façonnage et routage,2021-12-20
"E- Communication, Média et Multimédia",E13- Industries graphiques,E1305,Préparation et correction en édition et presse,2021-12-20
"E- Communication, Média et Multimédia",E13- Industries graphiques,E1306,Prépresse,2021-12-20
"E- Communication, Média et Multimédia",E13- Industries graphiques,E1307,Reprographie,2021-12-20
"E- Communication, Média et Multimédia",E13- Industries graphiques,E1308,Intervention technique en industrie graphique,2021-12-20
"E- Communication, Média et Multimédia",E14- Publicité,E1401,Développement et promotion publicitaire,2021-12-20
"E- Communication, Média et Multimédia",E14- Publicité,E1402,Élaboration de plan média,2021-12-20
"F- Construction, Bâtiment et Travaux publics",F11- Conception et études,F1101,Architecture du BTP et du paysage,2021-12-20
"F- Construction, Bâtiment et Travaux publics",F11- Conception et études,F1102,Conception - aménagement d'espaces intérieurs,2021-12-20
"F- Construction, Bâtiment et Travaux publics",F11- Conception et études,F1103,Contrôle et diagnostic technique du bâtiment,2021-12-20
"F- Construction, Bâtiment et Travaux publics",F11- Conception et études,F1104,Dessin BTP et paysage,2021-12-20
"F- Construction, Bâtiment et Travaux publics",F11- Conception et études,F1105,Études géologiques,2021-12-20
"F- Construction, Bâtiment et Travaux publics",F11- Conception et études,F1106,Ingénierie et études du BTP,2021-12-20
"F- Construction, Bâtiment et Travaux publics",F11- Conception et études,F1107,Mesures topographiques,2021-12-20
"F- Construction, Bâtiment et Travaux publics",F11- Conception et études,F1108,Métré de la construction,2021-12-20
"F- Construction, Bâtiment et Travaux publics",F12- Conduite et encadrement de chantier - travaux,F1201,Conduite de travaux du BTP et de travaux paysagers,2021-12-20
"F- Construction, Bâtiment et Travaux publics",F12- Conduite et encadrement de chantier - travaux,F1202,Direction de chantier du BTP,2021-12-20
"F- Construction, Bâtiment et Travaux publics",F12- Conduite et encadrement de chantier - travaux,F1203,Direction et ingénierie d'exploitation de gisements et de carrières,2021-12-20
"F- Construction, Bâtiment et Travaux publics",F12- Conduite et encadrement de chantier - travaux,F1204,Qualité Sécurité Environnement et protection santé du BTP,2021-12-20
"F- Construction, Bâtiment et Travaux publics",F13- Engins de chantier,F1301,Conduite de grue,2021-12-20
"F- Construction, Bâtiment et Travaux publics",F13- Engins de chantier,F1302,Conduite d'engins de terrassement et de carrière,2021-12-20
"F- Construction, Bâtiment et Travaux publics",F14- Extraction,F1401,Extraction liquide et gazeuse,2021-12-20
"F- Construction, Bâtiment et Travaux publics",F14- Extraction,F1402,Extraction solide,2021-12-20
"F- Construction, Bâtiment et Travaux publics",F15- Montage de structures,F1501,Montage de structures et de charpentes bois,2021-12-20
"F- Construction, Bâtiment et Travaux publics",F15- Montage de structures,F1502,Montage de structures métalliques,2021-12-20
"F- Construction, Bâtiment et Travaux publics",F15- Montage de structures,F1503,Réalisation - installation d'ossatures bois,2021-12-20
"F- Construction, Bâtiment et Travaux publics",F16- Second oeuvre,F1601,"Application et décoration en plâtre, stuc et staff",2021-12-20
"F- Construction, Bâtiment et Travaux publics",F16- Second oeuvre,F1602,Électricité bâtiment,2021-12-20
"F- Construction, Bâtiment et Travaux publics",F16- Second oeuvre,F1603,Installation d'équipements sanitaires et thermiques,2021-12-20
"F- Construction, Bâtiment et Travaux publics",F16- Second oeuvre,F1604,Montage d'agencements,2021-12-20
"F- Construction, Bâtiment et Travaux publics",F16- Second oeuvre,F1605,Montage de réseaux électriques et télécoms,2021-12-20
"F- Construction, Bâtiment et Travaux publics",F16- Second oeuvre,F1606,Peinture en bâtiment,2021-12-20
"F- Construction, Bâtiment et Travaux publics",F16- Second oeuvre,F1607,Pose de fermetures menuisées,2021-12-20
"F- Construction, Bâtiment et Travaux publics",F16- Second oeuvre,F1608,Pose de revêtements rigides,2021-12-20
"F- Construction, Bâtiment et Travaux publics",F16- Second oeuvre,F1609,Pose de revêtements souples,2021-12-20
"F- Construction, Bâtiment et Travaux publics",F16- Second oeuvre,F1610,Pose et restauration de couvertures,2021-12-20
"F- Construction, Bâtiment et Travaux publics",F16- Second oeuvre,F1611,Réalisation et restauration de façades,2021-12-20
"F- Construction, Bâtiment et Travaux publics",F16- Second oeuvre,F1612,Taille et décoration de pierres,2021-12-20
"F- Construction, Bâtiment et Travaux publics",F16- Second oeuvre,F1613,Travaux d'étanchéité et d'isolation,2021-12-20
"F- Construction, Bâtiment et Travaux publics",F17- Travaux et gros oeuvre,F1701,Construction en béton,2021-12-20
"F- Construction, Bâtiment et Travaux publics",F17- Travaux et gros oeuvre,F1702,Construction de routes et voies,2021-12-20
"F- Construction, Bâtiment et Travaux publics",F17- Travaux et gros oeuvre,F1703,Maçonnerie,2021-12-20
"F- Construction, Bâtiment et Travaux publics",F17- Travaux et gros oeuvre,F1704,Préparation du gros oeuvre et des travaux publics,2021-12-20
"F- Construction, Bâtiment et Travaux publics",F17- Travaux et gros oeuvre,F1705,Pose de canalisations,2021-12-20
"F- Construction, Bâtiment et Travaux publics",F17- Travaux et gros oeuvre,F1706,Préfabrication en béton industriel,2021-12-20
"G- Hôtellerie-Restauration, Tourisme, Loisirs et Animation",G11- Accueil et promotion touristique,G1101,Accueil touristique,2021-12-20
"G- Hôtellerie-Restauration, Tourisme, Loisirs et Animation",G11- Accueil et promotion touristique,G1102,Promotion du tourisme local,2021-12-20
"G- Hôtellerie-Restauration, Tourisme, Loisirs et Animation",G12- Animation d'activités de loisirs,G1201,"Accompagnement de voyages, d'activités culturelles ou sportives",2021-12-20
"G- Hôtellerie-Restauration, Tourisme, Loisirs et Animation",G12- Animation d'activités de loisirs,G1202,Animation d'activités culturelles ou ludiques,2021-12-20
"G- Hôtellerie-Restauration, Tourisme, Loisirs et Animation",G12- Animation d'activités de loisirs,G1203,Animation de loisirs auprès d'enfants ou d'adolescents,2021-12-20
"G- Hôtellerie-Restauration, Tourisme, Loisirs et Animation",G12- Animation d'activités de loisirs,G1204,Éducation en activités sportives,2021-12-20
"G- Hôtellerie-Restauration, Tourisme, Loisirs et Animation",G12- Animation d'activités de loisirs,G1205,Personnel d'attractions ou de structures de loisirs,2021-12-20
"G- Hôtellerie-Restauration, Tourisme, Loisirs et Animation",G12- Animation d'activités de loisirs,G1206,Personnel technique des jeux,2021-12-20
"G- Hôtellerie-Restauration, Tourisme, Loisirs et Animation","G13- Conception, commercialisation et vente de produits touristiques",G1301,Conception de produits touristiques,2021-12-20
"G- Hôtellerie-Restauration, Tourisme, Loisirs et Animation","G13- Conception, commercialisation et vente de produits touristiques",G1302,Optimisation de produits touristiques,2021-12-20
"G- Hôtellerie-Restauration, Tourisme, Loisirs et Animation","G13- Conception, commercialisation et vente de produits touristiques",G1303,Vente de voyages,2021-12-20
"G- Hôtellerie-Restauration, Tourisme, Loisirs et Animation",G14- Gestion et direction,G1401,Assistance de direction d'hôtel-restaurant,2021-12-20
"G- Hôtellerie-Restauration, Tourisme, Loisirs et Animation",G14- Gestion et direction,G1402,Management d'hôtel-restaurant,2021-12-20
"G- Hôtellerie-Restauration, Tourisme, Loisirs et Animation",G14- Gestion et direction,G1403,Gestion de structure de loisirs ou d'hébergement touristique,2021-12-20
"G- Hôtellerie-Restauration, Tourisme, Loisirs et Animation",G14- Gestion et direction,G1404,Management d'établissement de restauration collective,2021-12-20
"G- Hôtellerie-Restauration, Tourisme, Loisirs et Animation",G15- Personnel d'étage en hôtellerie,G1501,Personnel d'étage,2021-12-20
"G- Hôtellerie-Restauration, Tourisme, Loisirs et Animation",G15- Personnel d'étage en hôtellerie,G1502,Personnel polyvalent d'hôtellerie,2021-12-20
"G- Hôtellerie-Restauration, Tourisme, Loisirs et Animation",G15- Personnel d'étage en hôtellerie,G1503,Management du personnel d'étage,2021-12-20
"G- Hôtellerie-Restauration, Tourisme, Loisirs et Animation",G16- Production culinaire,G1601,Management du personnel de cuisine,2021-12-20
"G- Hôtellerie-Restauration, Tourisme, Loisirs et Animation",G16- Production culinaire,G1602,Personnel de cuisine,2021-12-20
"G- Hôtellerie-Restauration, Tourisme, Loisirs et Animation",G16- Production culinaire,G1603,Personnel polyvalent en restauration,2021-12-20
"G- Hôtellerie-Restauration, Tourisme, Loisirs et Animation",G16- Production culinaire,G1604,Fabrication de crêpes ou pizzas,2021-12-20
"G- Hôtellerie-Restauration, Tourisme, Loisirs et Animation",G16- Production culinaire,G1605,Plonge en restauration,2021-12-20
"G- Hôtellerie-Restauration, Tourisme, Loisirs et Animation",G17- Accueil en hôtellerie,G1701,Conciergerie en hôtellerie,2021-12-20
"G- Hôtellerie-Restauration, Tourisme, Loisirs et Animation",G17- Accueil en hôtellerie,G1702,Personnel du hall,2021-12-20
"G- Hôtellerie-Restauration, Tourisme, Loisirs et Animation",G17- Accueil en hôtellerie,G1703,Réception en hôtellerie,2021-12-20
"G- Hôtellerie-Restauration, Tourisme, Loisirs et Animation",G18- Service,G1801,"Café, bar brasserie",2021-12-20
"G- Hôtellerie-Restauration, Tourisme, Loisirs et Animation",G18- Service,G1802,Management du service en restauration,2021-12-20
"G- Hôtellerie-Restauration, Tourisme, Loisirs et Animation",G18- Service,G1803,Service en restauration,2021-12-20
"G- Hôtellerie-Restauration, Tourisme, Loisirs et Animation",G18- Service,G1804,Sommellerie,2021-12-20
H- Industrie,H11- Affaires et support technique client,H1101,Assistance et support technique client,2021-12-20
H- Industrie,H11- Affaires et support technique client,H1102,Management et ingénierie d'affaires,2021-12-20
H- Industrie,"H12- Conception, recherche, études et développement",H1201,Expertise technique couleur en industrie,2021-12-20
H- Industrie,"H12- Conception, recherche, études et développement",H1202,Conception et dessin de produits électriques et électroniques,2021-12-20
H- Industrie,"H12- Conception, recherche, études et développement",H1203,Conception et dessin produits mécaniques,2021-12-20
H- Industrie,"H12- Conception, recherche, études et développement",H1204,Design industriel,2021-12-20
H- Industrie,"H12- Conception, recherche, études et développement",H1205,Études - modèles en industrie des matériaux souples,2021-12-20
H- Industrie,"H12- Conception, recherche, études et développement",H1206,"Management et ingénierie études, recherche et développement industriel",2021-12-20
H- Industrie,"H12- Conception, recherche, études et développement",H1207,Rédaction technique,2021-12-20
H- Industrie,"H12- Conception, recherche, études et développement",H1208,Intervention technique en études et conception en automatisme,2021-12-20
H- Industrie,"H12- Conception, recherche, études et développement",H1209,Intervention technique en études et développement électronique,2021-12-20
H- Industrie,"H12- Conception, recherche, études et développement",H1210,"Intervention technique en études, recherche et développement",2021-12-20
H- Industrie,H13- Hygiène Sécurité Environnement -HSE- industriels,H1301,Inspection de conformité,2021-12-20
H- Industrie,H13- Hygiène Sécurité Environnement -HSE- industriels,H1302,Management et ingénierie Hygiène Sécurité Environnement -HSE- industriels,2021-12-20
H- Industrie,H13- Hygiène Sécurité Environnement -HSE- industriels,H1303,Intervention technique en Hygiène Sécurité Environnement -HSE- industriel,2021-12-20
H- Industrie,H14- Méthodes et gestion industrielles,H1401,Management et ingénierie gestion industrielle et logistique,2021-12-20
H- Industrie,H14- Méthodes et gestion industrielles,H1402,Management et ingénierie méthodes et industrialisation,2021-12-20
H- Industrie,H14- Méthodes et gestion industrielles,H1403,Intervention technique en gestion industrielle et logistique,2021-12-20
H- Industrie,H14- Méthodes et gestion industrielles,H1404,Intervention technique en méthodes et industrialisation,2021-12-20
H- Industrie,H15- Qualité et analyses industrielles,H1501,Direction de laboratoire d'analyse industrielle,2021-12-20
H- Industrie,H15- Qualité et analyses industrielles,H1502,Management et ingénierie qualité industrielle,2021-12-20
H- Industrie,H15- Qualité et analyses industrielles,H1503,Intervention technique en laboratoire d'analyse industrielle,2021-12-20
H- Industrie,H15- Qualité et analyses industrielles,H1504,Intervention technique en contrôle essai qualité en électricité et électronique,2021-12-20
H- Industrie,H15- Qualité et analyses industrielles,H1505,Intervention technique en formulation et analyse sensorielle,2021-12-20
H- Industrie,H15- Qualité et analyses industrielles,H1506,Intervention technique qualité en mécanique et travail des métaux,2021-12-20
H- Industrie,H21- Alimentaire,H2101,Abattage et découpe des viandes,2021-12-20
H- Industrie,H21- Alimentaire,H2102,Conduite d'équipement de production alimentaire,2021-12-20
H- Industrie,H22- Bois,H2201,Assemblage d'ouvrages en bois,2021-12-20
H- Industrie,H22- Bois,H2202,Conduite d'équipement de fabrication de l'ameublement et du bois,2021-12-20
H- Industrie,H22- Bois,H2203,Conduite d'installation de production de panneaux bois,2021-12-20
H- Industrie,H22- Bois,H2204,Encadrement des industries de l'ameublement et du bois,2021-12-20
H- Industrie,H22- Bois,H2205,Première transformation de bois d'oeuvre,2021-12-20
H- Industrie,H22- Bois,H2206,Réalisation de menuiserie bois et tonnellerie,2021-12-20
H- Industrie,H22- Bois,H2207,Réalisation de meubles en bois,2021-12-20
H- Industrie,H22- Bois,H2208,Réalisation d'ouvrages décoratifs en bois,2021-12-20
H- Industrie,H22- Bois,H2209,Intervention technique en ameublement et bois,2021-12-20
H- Industrie,H23- Chimie et pharmacie,H2301,Conduite d'équipement de production chimique ou pharmaceutique,2021-12-20
H- Industrie,H24- Cuir et textile,H2401,"Assemblage - montage d'articles en cuirs, peaux",2021-12-20
H- Industrie,H24- Cuir et textile,H2402,Assemblage - montage de vêtements et produits textiles,2021-12-20
H- Industrie,H24- Cuir et textile,H2403,Conduite de machine de fabrication de produits textiles,2021-12-20
H- Industrie,H24- Cuir et textile,H2404,Conduite de machine de production et transformation des fils,2021-12-20
H- Industrie,H24- Cuir et textile,H2405,Conduite de machine de textiles nontissés,2021-12-20
H- Industrie,H24- Cuir et textile,H2406,Conduite de machine de traitement textile,2021-12-20
H- Industrie,H24- Cuir et textile,H2407,Conduite de machine de transformation et de finition des cuirs et peaux,2021-12-20
H- Industrie,H24- Cuir et textile,H2408,Conduite de machine d'impression textile,2021-12-20
H- Industrie,H24- Cuir et textile,H2409,"Coupe cuir, textile et matériaux souples",2021-12-20
H- Industrie,H24- Cuir et textile,H2410,"Mise en forme, repassage et finitions en industrie textile",2021-12-20
H- Industrie,H24- Cuir et textile,H2411,Montage de prototype cuir et matériaux souples,2021-12-20
H- Industrie,H24- Cuir et textile,H2412,Patronnage - gradation,2021-12-20
H- Industrie,H24- Cuir et textile,H2413,"Préparation de fils, montage de métiers textiles",2021-12-20
H- Industrie,H24- Cuir et textile,H2414,Préparation et finition d'articles en cuir et matériaux souples,2021-12-20
H- Industrie,H24- Cuir et textile,H2415,Contrôle en industrie du cuir et du textile,2021-12-20
H- Industrie,"H25- Direction, encadrement et pilotage de fabrication et production industrielles",H2501,Encadrement de production de matériel électrique et électronique,2021-12-20
H- Industrie,"H25- Direction, encadrement et pilotage de fabrication et production industrielles",H2502,Management et ingénierie de production,2021-12-20
H- Industrie,"H25- Direction, encadrement et pilotage de fabrication et production industrielles",H2503,Pilotage d'unité élémentaire de production mécanique ou de travail des métaux,2021-12-20
H- Industrie,"H25- Direction, encadrement et pilotage de fabrication et production industrielles",H2504,Encadrement d'équipe en industrie de transformation,2021-12-20
H- Industrie,"H25- Direction, encadrement et pilotage de fabrication et production industrielles",H2505,Encadrement d'équipe ou d'atelier en matériaux souples,2021-12-20
H- Industrie,H26- Electronique et électricité,H2601,Bobinage électrique,2021-12-20
H- Industrie,H26- Electronique et électricité,H2602,Câblage électrique et électromécanique,2021-12-20
H- Industrie,H26- Electronique et électricité,H2603,"Conduite d'installation automatisée de production électrique, électronique et microélectronique",2021-12-20
H- Industrie,H26- Electronique et électricité,H2604,Montage de produits électriques et électroniques,2021-12-20
H- Industrie,H26- Electronique et électricité,H2605,Montage et câblage électronique,2021-12-20
H- Industrie,H27- Energie,H2701,Pilotage d'installation énergétique et pétrochimique,2021-12-20
H- Industrie,"H28- Matériaux de construction, céramique et verre",H2801,Conduite d'équipement de transformation du verre,2021-12-20
H- Industrie,"H28- Matériaux de construction, céramique et verre",H2802,Conduite d'installation de production de matériaux de construction,2021-12-20
H- Industrie,"H28- Matériaux de construction, céramique et verre",H2803,Façonnage et émaillage en industrie céramique,2021-12-20
H- Industrie,"H28- Matériaux de construction, céramique et verre",H2804,"Pilotage de centrale à béton prêt à l'emploi, ciment, enrobés et granulats",2021-12-20
H- Industrie,"H28- Matériaux de construction, céramique et verre",H2805,Pilotage d'installation de production verrière,2021-12-20
H- Industrie,"H29- Mécanique, travail des métaux et outillage",H2901,Ajustement et montage de fabrication,2021-12-20
H- Industrie,"H29- Mécanique, travail des métaux et outillage",H2902,Chaudronnerie - tôlerie,2021-12-20
H- Industrie,"H29- Mécanique, travail des métaux et outillage",H2903,Conduite d'équipement d'usinage,2021-12-20
H- Industrie,"H29- Mécanique, travail des métaux et outillage",H2904,Conduite d'équipement de déformation des métaux,2021-12-20
H- Industrie,"H29- Mécanique, travail des métaux et outillage",H2905,Conduite d'équipement de formage et découpage des matériaux,2021-12-20
H- Industrie,"H29- Mécanique, travail des métaux et outillage",H2906,Conduite d'installation automatisée ou robotisée de fabrication mécanique,2021-12-20
H- Industrie,"H29- Mécanique, travail des métaux et outillage",H2907,Conduite d'installation de production des métaux,2021-12-20
H- Industrie,"H29- Mécanique, travail des métaux et outillage",H2908,Modelage de matériaux non métalliques,2021-12-20
H- Industrie,"H29- Mécanique, travail des métaux et outillage",H2909,Montage-assemblage mécanique,2021-12-20
H- Industrie,"H29- Mécanique, travail des métaux et outillage",H2910,Moulage sable,2021-12-20
H- Industrie,"H29- Mécanique, travail des métaux et outillage",H2911,Réalisation de structures métalliques,2021-12-20
H- Industrie,"H29- Mécanique, travail des métaux et outillage",H2912,Réglage d'équipement de production industrielle,2021-12-20
H- Industrie,"H29- Mécanique, travail des métaux et outillage",H2913,Soudage manuel,2021-12-20
H- Industrie,"H29- Mécanique, travail des métaux et outillage",H2914,Réalisation et montage en tuyauterie,2021-12-20
H- Industrie,H31- Papier et carton,H3101,Conduite d'équipement de fabrication de papier ou de carton,2021-12-20
H- Industrie,H31- Papier et carton,H3102,Conduite d'installation de pâte à papier,2021-12-20
H- Industrie,"H32- Plastique, caoutchouc",H3201,Conduite d'équipement de formage des plastiques et caoutchoucs,2021-12-20
H- Industrie,"H32- Plastique, caoutchouc",H3202,Réglage d'équipement de formage des plastiques et caoutchoucs,2021-12-20
H- Industrie,"H32- Plastique, caoutchouc",H3203,Fabrication de pièces en matériaux composites,2021-12-20
H- Industrie,H33- Préparation et conditionnement,H3301,Conduite d'équipement de conditionnement,2021-12-20
H- Industrie,H33- Préparation et conditionnement,H3302,"Opérations manuelles d'assemblage, tri ou emballage",2021-12-20
H- Industrie,H33- Préparation et conditionnement,H3303,"Préparation de matières et produits industriels (broyage, mélange, ...)",2021-12-20
H- Industrie,H34- Traitements thermiques et traitements de surfaces,H3401,Conduite de traitement d'abrasion de surface,2021-12-20
H- Industrie,H34- Traitements thermiques et traitements de surfaces,H3402,Conduite de traitement par dépôt de surface,2021-12-20
H- Industrie,H34- Traitements thermiques et traitements de surfaces,H3403,Conduite de traitement thermique,2021-12-20
H- Industrie,H34- Traitements thermiques et traitements de surfaces,H3404,Peinture industrielle,2021-12-20
I- Installation et Maintenance,I11- Encadrement,I1101,Direction et ingénierie en entretien infrastructure et bâti,2021-12-20
I- Installation et Maintenance,I11- Encadrement,I1102,Management et ingénierie de maintenance industrielle,2021-12-20
I- Installation et Maintenance,I11- Encadrement,I1103,Supervision d'entretien et gestion de véhicules,2021-12-20
I- Installation et Maintenance,I12- Entretien technique,I1201,Entretien d'affichage et mobilier urbain,2021-12-20
I- Installation et Maintenance,I12- Entretien technique,I1202,Entretien et surveillance du tracé routier,2021-12-20
I- Installation et Maintenance,I12- Entretien technique,I1203,Maintenance des bâtiments et des locaux,2021-12-20
I- Installation et Maintenance,"I13- Equipements de production, équipements collectifs",I1301,Installation et maintenance d'ascenseurs,2021-12-20
I- Installation et Maintenance,"I13- Equipements de production, équipements collectifs",I1302,Installation et maintenance d'automatismes,2021-12-20
I- Installation et Maintenance,"I13- Equipements de production, équipements collectifs",I1303,Installation et maintenance de distributeurs automatiques,2021-12-20
I- Installation et Maintenance,"I13- Equipements de production, équipements collectifs",I1304,Installation et maintenance d'équipements industriels et d'exploitation,2021-12-20
I- Installation et Maintenance,"I13- Equipements de production, équipements collectifs",I1305,Installation et maintenance électronique,2021-12-20
I- Installation et Maintenance,"I13- Equipements de production, équipements collectifs",I1306,"Installation et maintenance en froid, conditionnement d'air",2021-12-20
I- Installation et Maintenance,"I13- Equipements de production, équipements collectifs",I1307,Installation et maintenance télécoms et courants faibles,2021-12-20
I- Installation et Maintenance,"I13- Equipements de production, équipements collectifs",I1308,Maintenance d'installation de chauffage,2021-12-20
I- Installation et Maintenance,"I13- Equipements de production, équipements collectifs",I1309,Maintenance électrique,2021-12-20
I- Installation et Maintenance,"I13- Equipements de production, équipements collectifs",I1310,Maintenance mécanique industrielle,2021-12-20
I- Installation et Maintenance,I14- Equipements domestiques et informatique,I1401,Maintenance informatique et bureautique,2021-12-20
I- Installation et Maintenance,I14- Equipements domestiques et informatique,I1402,Réparation de biens électrodomestiques et multimédia,2021-12-20
I- Installation et Maintenance,I15- Travaux d'accès difficile,I1501,Intervention en grande hauteur,2021-12-20
I- Installation et Maintenance,I15- Travaux d'accès difficile,I1502,Intervention en milieu subaquatique,2021-12-20
I- Installation et Maintenance,I15- Travaux d'accès difficile,I1503,Intervention en milieux et produits nocifs,2021-12-20
I- Installation et Maintenance,"I16- Véhicules, engins, aéronefs",I1601,Installation et maintenance en nautisme,2021-12-20
I- Installation et Maintenance,"I16- Véhicules, engins, aéronefs",I1602,Maintenance d'aéronefs,2021-12-20
I- Installation et Maintenance,"I16- Véhicules, engins, aéronefs",I1603,"Maintenance d'engins de chantier, levage, manutention et de machines agricoles",2021-12-20
I- Installation et Maintenance,"I16- Véhicules, engins, aéronefs",I1604,Mécanique automobile et entretien de véhicules,2021-12-20
I- Installation et Maintenance,"I16- Véhicules, engins, aéronefs",I1605,Mécanique de marine,2021-12-20
I- Installation et Maintenance,"I16- Véhicules, engins, aéronefs",I1606,Réparation de carrosserie,2021-12-20
I- Installation et Maintenance,"I16- Véhicules, engins, aéronefs",I1607,"Réparation de cycles, motocycles et motoculteurs de loisirs",2021-12-20
J- Santé,J11- Praticiens médicaux,J1101,Médecine de prévention,2021-12-20
J- Santé,J11- Praticiens médicaux,J1102,Médecine généraliste et spécialisée,2021-12-20
J- Santé,J11- Praticiens médicaux,J1103,Médecine dentaire,2021-12-20
J- Santé,J11- Praticiens médicaux,J1104,Suivi de la grossesse et de l'accouchement,2021-12-20
J- Santé,J12- Praticiens médico-techniques,J1201,Biologie médicale,2021-12-20
J- Santé,J12- Praticiens médico-techniques,J1202,Pharmacie,2021-12-20
J- Santé,J13- Professionnels médico-techniques,J1301,Personnel polyvalent des services hospitaliers,2021-12-20
J- Santé,J13- Professionnels médico-techniques,J1302,Analyses médicales,2021-12-20
J- Santé,J13- Professionnels médico-techniques,J1303,Assistance médico-technique,2021-12-20
J- Santé,J13- Professionnels médico-techniques,J1304,Aide en puériculture,2021-12-20
J- Santé,J13- Professionnels médico-techniques,J1305,Conduite de véhicules sanitaires,2021-12-20
J- Santé,J13- Professionnels médico-techniques,J1306,Imagerie médicale,2021-12-20
J- Santé,J13- Professionnels médico-techniques,J1307,Préparation en pharmacie,2021-12-20
J- Santé,J14- Rééducation et appareillage,J1401,Audioprothèses,2021-12-20
J- Santé,J14- Rééducation et appareillage,J1402,Diététique,2021-12-20
J- Santé,J14- Rééducation et appareillage,J1403,Ergothérapie,2021-12-20
J- Santé,J14- Rééducation et appareillage,J1404,Kinésithérapie,2021-12-20
J- Santé,J14- Rééducation et appareillage,J1405,Optique - lunetterie,2021-12-20
J- Santé,J14- Rééducation et appareillage,J1406,Orthophonie,2021-12-20
J- Santé,J14- Rééducation et appareillage,J1407,Orthoptique,2021-12-20
J- Santé,J14- Rééducation et appareillage,J1408,Ostéopathie et chiropraxie,2021-12-20
J- Santé,J14- Rééducation et appareillage,J1409,Pédicurie et podologie,2021-12-20
J- Santé,J14- Rééducation et appareillage,J1410,Prothèses dentaires,2021-12-20
J- Santé,J14- Rééducation et appareillage,J1411,Prothèses et orthèses,2021-12-20
J- Santé,J14- Rééducation et appareillage,J1412,Rééducation en psychomotricité,2021-12-20
J- Santé,J15- Soins paramédicaux,J1501,"Soins d'hygiène, de confort du patient",2021-12-20
J- Santé,J15- Soins paramédicaux,J1502,Coordination de services médicaux ou paramédicaux,2021-12-20
J- Santé,J15- Soins paramédicaux,J1503,Soins infirmiers spécialisés en anesthésie,2021-12-20
J- Santé,J15- Soins paramédicaux,J1504,Soins infirmiers spécialisés en bloc opératoire,2021-12-20
J- Santé,J15- Soins paramédicaux,J1505,Soins infirmiers spécialisés en prévention,2021-12-20
J- Santé,J15- Soins paramédicaux,J1506,Soins infirmiers généralistes,2021-12-20
J- Santé,J15- Soins paramédicaux,J1507,Soins infirmiers spécialisés en puériculture,2021-12-20
K- Services à la personne et à la collectivité,K11- Accompagnement de la personne,K1101,Accompagnement et médiation familiale,2021-12-20
K- Services à la personne et à la collectivité,K11- Accompagnement de la personne,K1102,Aide aux bénéficiaires d'une mesure de protection juridique,2021-12-20
K- Services à la personne et à la collectivité,K11- Accompagnement de la personne,K1103,Développement personnel et bien-être de la personne,2021-12-20
K- Services à la personne et à la collectivité,K11- Accompagnement de la personne,K1104,Psychologie,2021-12-20
K- Services à la personne et à la collectivité,"K12- Action sociale, socio-éducative et socio-culturelle",K1201,Action sociale,2021-12-20
K- Services à la personne et à la collectivité,"K12- Action sociale, socio-éducative et socio-culturelle",K1202,Éducation de jeunes enfants,2021-12-20
K- Services à la personne et à la collectivité,"K12- Action sociale, socio-éducative et socio-culturelle",K1203,Encadrement technique en insertion professionnelle,2021-12-20
K- Services à la personne et à la collectivité,"K12- Action sociale, socio-éducative et socio-culturelle",K1204,Médiation sociale et facilitation de la vie en société,2021-12-20
K- Services à la personne et à la collectivité,"K12- Action sociale, socio-éducative et socio-culturelle",K1205,Information sociale,2021-12-20
K- Services à la personne et à la collectivité,"K12- Action sociale, socio-éducative et socio-culturelle",K1206,Intervention socioculturelle,2021-12-20
K- Services à la personne et à la collectivité,"K12- Action sociale, socio-éducative et socio-culturelle",K1207,Intervention socioéducative,2021-12-20
K- Services à la personne et à la collectivité,K13- Aide à la vie quotidienne,K1301,Accompagnement médicosocial,2021-12-20
K- Services à la personne et à la collectivité,K13- Aide à la vie quotidienne,K1302,Assistance auprès d'adultes,2021-12-20
K- Services à la personne et à la collectivité,K13- Aide à la vie quotidienne,K1303,Assistance auprès d'enfants,2021-12-20
K- Services à la personne et à la collectivité,K13- Aide à la vie quotidienne,K1304,Services domestiques,2021-12-20
K- Services à la personne et à la collectivité,K13- Aide à la vie quotidienne,K1305,Intervention sociale et familiale,2021-12-20
K- Services à la personne et à la collectivité,K14- Conception et mise en oeuvre des politiques publiques,K1401,Conception et pilotage de la politique des pouvoirs publics,2021-12-20
K- Services à la personne et à la collectivité,K14- Conception et mise en oeuvre des politiques publiques,K1402,Conseil en Santé Publique,2021-12-20
K- Services à la personne et à la collectivité,K14- Conception et mise en oeuvre des politiques publiques,K1403,"Management de structure de santé, sociale ou pénitentiaire",2021-12-20
K- Services à la personne et à la collectivité,K14- Conception et mise en oeuvre des politiques publiques,K1404,Mise en oeuvre et pilotage de la politique des pouvoirs publics,2021-12-20
K- Services à la personne et à la collectivité,K14- Conception et mise en oeuvre des politiques publiques,K1405,Représentation de l'Etat sur le territoire national ou international,2021-12-20
K- Services à la personne et à la collectivité,K15- Contrôle public,K1501,Application des règles financières publiques,2021-12-20
K- Services à la personne et à la collectivité,K15- Contrôle public,K1502,Contrôle et inspection des Affaires Sociales,2021-12-20
K- Services à la personne et à la collectivité,K15- Contrôle public,K1503,Contrôle et inspection des impôts,2021-12-20
K- Services à la personne et à la collectivité,K15- Contrôle public,K1504,Contrôle et inspection du Trésor Public,2021-12-20
K- Services à la personne et à la collectivité,K15- Contrôle public,K1505,Protection des consommateurs et contrôle des échanges commerciaux,2021-12-20
K- Services à la personne et à la collectivité,K16- Culture et gestion documentaire,K1601,Gestion de l'information et de la documentation,2021-12-20
K- Services à la personne et à la collectivité,K16- Culture et gestion documentaire,K1602,Gestion de patrimoine culturel,2021-12-20
K- Services à la personne et à la collectivité,"K17- Défense, sécurité publique et secours",K1701,Personnel de la Défense,2021-12-20
K- Services à la personne et à la collectivité,"K17- Défense, sécurité publique et secours",K1702,Direction de la sécurité civile et des secours,2021-12-20
K- Services à la personne et à la collectivité,"K17- Défense, sécurité publique et secours",K1703,Direction opérationnelle de la défense,2021-12-20
K- Services à la personne et à la collectivité,"K17- Défense, sécurité publique et secours",K1704,Management de la sécurité publique,2021-12-20
K- Services à la personne et à la collectivité,"K17- Défense, sécurité publique et secours",K1705,Sécurité civile et secours,2021-12-20
K- Services à la personne et à la collectivité,"K17- Défense, sécurité publique et secours",K1706,Sécurité publique,2021-12-20
K- Services à la personne et à la collectivité,"K17- Défense, sécurité publique et secours",K1707,Surveillance municipale,2021-12-20
K- Services à la personne et à la collectivité,K18- Développement territorial et emploi,K1801,Conseil en emploi et insertion socioprofessionnelle,2021-12-20
K- Services à la personne et à la collectivité,K18- Développement territorial et emploi,K1802,Développement local,2021-12-20
K- Services à la personne et à la collectivité,K19- Droit,K1901,Aide et médiation judiciaire,2021-12-20
K- Services à la personne et à la collectivité,K19- Droit,K1902,Collaboration juridique,2021-12-20
K- Services à la personne et à la collectivité,K19- Droit,K1903,Défense et conseil juridique,2021-12-20
K- Services à la personne et à la collectivité,K19- Droit,K1904,Magistrature,2021-12-20
K- Services à la personne et à la collectivité,K21- Formation initiale et continue,K2101,Conseil en formation,2021-12-20
K- Services à la personne et à la collectivité,K21- Formation initiale et continue,K2102,Coordination pédagogique,2021-12-20
K- Services à la personne et à la collectivité,K21- Formation initiale et continue,K2103,Direction d'établissement et d'enseignement,2021-12-20
K- Services à la personne et à la collectivité,K21- Formation initiale et continue,K2104,Éducation et surveillance au sein d'établissements d'enseignement,2021-12-20
K- Services à la personne et à la collectivité,K21- Formation initiale et continue,K2105,Enseignement artistique,2021-12-20
K- Services à la personne et à la collectivité,K21- Formation initiale et continue,K2106,Enseignement des écoles,2021-12-20
K- Services à la personne et à la collectivité,K21- Formation initiale et continue,K2107,Enseignement général du second degré,2021-12-20
K- Services à la personne et à la collectivité,K21- Formation initiale et continue,K2108,Enseignement supérieur,2021-12-20
K- Services à la personne et à la collectivité,K21- Formation initiale et continue,K2109,Enseignement technique et professionnel,2021-12-20
K- Services à la personne et à la collectivité,K21- Formation initiale et continue,K2110,Formation en conduite de véhicules,2021-12-20
K- Services à la personne et à la collectivité,K21- Formation initiale et continue,K2111,Formation professionnelle,2021-12-20
K- Services à la personne et à la collectivité,K21- Formation initiale et continue,K2112,Orientation scolaire et professionnelle,2021-12-20
K- Services à la personne et à la collectivité,K22- Nettoyage et propreté industriels,K2201,Blanchisserie industrielle,2021-12-20
K- Services à la personne et à la collectivité,K22- Nettoyage et propreté industriels,K2202,Lavage de vitres,2021-12-20
K- Services à la personne et à la collectivité,K22- Nettoyage et propreté industriels,K2203,Management et inspection en propreté de locaux,2021-12-20
K- Services à la personne et à la collectivité,K22- Nettoyage et propreté industriels,K2204,Nettoyage de locaux,2021-12-20
K- Services à la personne et à la collectivité,K23- Propreté et environnement urbain,K2301,Distribution et assainissement d'eau,2021-12-20
K- Services à la personne et à la collectivité,K23- Propreté et environnement urbain,K2302,Management et inspection en environnement urbain,2021-12-20
K- Services à la personne et à la collectivité,K23- Propreté et environnement urbain,K2303,Nettoyage des espaces urbains,2021-12-20
K- Services à la personne et à la collectivité,K23- Propreté et environnement urbain,K2304,Revalorisation de produits industriels,2021-12-20
K- Services à la personne et à la collectivité,K23- Propreté et environnement urbain,K2305,Salubrité et traitement de nuisibles,2021-12-20
K- Services à la personne et à la collectivité,K23- Propreté et environnement urbain,K2306,Supervision d'exploitation éco-industrielle,2021-12-20
K- Services à la personne et à la collectivité,K24- Recherche,K2401,Recherche en sciences de l'homme et de la société,2021-12-20
K- Services à la personne et à la collectivité,K24- Recherche,K2402,"Recherche en sciences de l'univers, de la matière et du vivant",2021-12-20
K- Services à la personne et à la collectivité,K25- Sécurité privée,K2501,Gardiennage de locaux,2021-12-20
K- Services à la personne et à la collectivité,K25- Sécurité privée,K2502,Management de sécurité privée,2021-12-20
K- Services à la personne et à la collectivité,K25- Sécurité privée,K2503,Sécurité et surveillance privées,2021-12-20
K- Services à la personne et à la collectivité,K26- Services funéraires,K2601,Conduite d'opérations funéraires,2021-12-20
K- Services à la personne et à la collectivité,K26- Services funéraires,K2602,Conseil en services funéraires,2021-12-20
K- Services à la personne et à la collectivité,K26- Services funéraires,K2603,Thanatopraxie,2021-12-20
L- Spectacle,L11- Animation de spectacles,L1101,Animation musicale et scénique,2021-12-20
L- Spectacle,L11- Animation de spectacles,L1102,Mannequinat et pose artistique,2021-12-20
L- Spectacle,L11- Animation de spectacles,L1103,Présentation de spectacles ou d'émissions,2021-12-20
L- Spectacle,L12- Artistes - interprètes du spectacle,L1201,Danse,2021-12-20
L- Spectacle,L12- Artistes - interprètes du spectacle,L1202,Musique et chant,2021-12-20
L- Spectacle,L12- Artistes - interprètes du spectacle,L1203,Art dramatique,2021-12-20
L- Spectacle,L12- Artistes - interprètes du spectacle,L1204,Arts du cirque et arts visuels,2021-12-20
L- Spectacle,L13- Conception et production de spectacles,L1301,Mise en scène de spectacles vivants,2021-12-20
L- Spectacle,L13- Conception et production de spectacles,L1302,"Production et administration spectacle, cinéma et audiovisuel",2021-12-20
L- Spectacle,L13- Conception et production de spectacles,L1303,Promotion d'artistes et de spectacles,2021-12-20
L- Spectacle,L13- Conception et production de spectacles,L1304,Réalisation cinématographique et audiovisuelle,2021-12-20
L- Spectacle,L14- Sport professionnel,L1401,Sportif professionnel,2021-12-20
L- Spectacle,L15- Techniciens du spectacle,L1501,Coiffure et maquillage spectacle,2021-12-20
L- Spectacle,L15- Techniciens du spectacle,L1502,Costume et habillage spectacle,2021-12-20
L- Spectacle,L15- Techniciens du spectacle,L1503,Décor et accessoires spectacle,2021-12-20
L- Spectacle,L15- Techniciens du spectacle,L1504,Éclairage spectacle,2021-12-20
L- Spectacle,L15- Techniciens du spectacle,L1505,Image cinématographique et télévisuelle,2021-12-20
L- Spectacle,L15- Techniciens du spectacle,L1506,Machinerie spectacle,2021-12-20
L- Spectacle,L15- Techniciens du spectacle,L1507,Montage audiovisuel et post-production,2021-12-20
L- Spectacle,L15- Techniciens du spectacle,L1508,Prise de son et sonorisation,2021-12-20
L- Spectacle,L15- Techniciens du spectacle,L1509,Régie générale,2021-12-20
L- Spectacle,L15- Techniciens du spectacle,L1510,Films d'animation et effets spéciaux,2021-12-20
M- Support à l'entreprise,M11- Achats,M1101,Achats,2021-12-20
M- Support à l'entreprise,M11- Achats,M1102,Direction des achats,2021-12-20
M- Support à l'entreprise,M12- Comptabilité et gestion,M1201,Analyse et ingénierie financière,2021-12-20
M- Support à l'entreprise,M12- Comptabilité et gestion,M1202,Audit et contrôle comptables et financiers,2021-12-20
M- Support à l'entreprise,M12- Comptabilité et gestion,M1203,Comptabilité,2021-12-20
M- Support à l'entreprise,M12- Comptabilité et gestion,M1204,Contrôle de gestion,2021-12-20
M- Support à l'entreprise,M12- Comptabilité et gestion,M1205,Direction administrative et financière,2021-12-20
M- Support à l'entreprise,M12- Comptabilité et gestion,M1206,Management de groupe ou de service comptable,2021-12-20
M- Support à l'entreprise,M12- Comptabilité et gestion,M1207,Trésorerie et financement,2021-12-20
M- Support à l'entreprise,M13- Direction d'entreprise,M1301,Direction de grande entreprise ou d'établissement public,2021-12-20
M- Support à l'entreprise,M13- Direction d'entreprise,M1302,Direction de petite ou moyenne entreprise,2021-12-20
M- Support à l'entreprise,M14- Organisation et études,M1401,Conduite d'enquêtes,2021-12-20
M- Support à l'entreprise,M14- Organisation et études,M1402,Conseil en organisation et management d'entreprise,2021-12-20
M- Support à l'entreprise,M14- Organisation et études,M1403,Études et prospectives socio-économiques,2021-12-20
M- Support à l'entreprise,M14- Organisation et études,M1404,Management et gestion d'enquêtes,2021-12-20
M- Support à l'entreprise,M15- Ressources humaines,M1501,Assistanat en ressources humaines,2021-12-20
M- Support à l'entreprise,M15- Ressources humaines,M1502,Développement des ressources humaines,2021-12-20
M- Support à l'entreprise,M15- Ressources humaines,M1503,Management des ressources humaines,2021-12-20
M- Support à l'entreprise,M16- Secrétariat et assistance,M1601,Accueil et renseignements,2021-12-20
M- Support à l'entreprise,M16- Secrétariat et assistance,M1602,Opérations administratives,2021-12-20
M- Support à l'entreprise,M16- Secrétariat et assistance,M1603,Distribution de documents,2021-12-20
M- Support à l'entreprise,M16- Secrétariat et assistance,M1604,Assistanat de direction,2021-12-20
M- Support à l'entreprise,M16- Secrétariat et assistance,M1605,Assistanat technique et administratif,2021-12-20
M- Support à l'entreprise,M16- Secrétariat et assistance,M1606,Saisie de données,2021-12-20
M- Support à l'entreprise,M16- Secrétariat et assistance,M1607,Secrétariat,2021-12-20
M- Support à l'entreprise,M16- Secrétariat et assistance,M1608,Secrétariat comptable,2021-12-20
M- Support à l'entreprise,M16- Secrétariat et assistance,M1609,Secrétariat et assistanat médical ou médico-social,2021-12-20
M- Support à l'entreprise,"M17- Stratégie commerciale, marketing et supervision des ventes",M1701,Administration des ventes,2021-12-20
M- Support à l'entreprise,"M17- Stratégie commerciale, marketing et supervision des ventes",M1702,Analyse de tendance,2021-12-20
M- Support à l'entreprise,"M17- Stratégie commerciale, marketing et supervision des ventes",M1703,Management et gestion de produit,2021-12-20
M- Support à l'entreprise,"M17- Stratégie commerciale, marketing et supervision des ventes",M1704,Management relation clientèle,2021-12-20
M- Support à l'entreprise,"M17- Stratégie commerciale, marketing et supervision des ventes",M1705,Marketing,2021-12-20
M- Support à l'entreprise,"M17- Stratégie commerciale, marketing et supervision des ventes",M1706,Promotion des ventes,2021-12-20
M- Support à l'entreprise,"M17- Stratégie commerciale, marketing et supervision des ventes",M1707,Stratégie commerciale,2021-12-20
M- Support à l'entreprise,M18- Systèmes d'information et de télécommunication,M1801,Administration de systèmes d'information,2021-12-20
M- Support à l'entreprise,M18- Systèmes d'information et de télécommunication,M1802,Expertise et support en systèmes d'information,2021-12-20
M- Support à l'entreprise,M18- Systèmes d'information et de télécommunication,M1803,Direction des systèmes d'information,2021-12-20
M- Support à l'entreprise,M18- Systèmes d'information et de télécommunication,M1804,Études et développement de réseaux de télécoms,2021-12-20
M- Support à l'entreprise,M18- Systèmes d'information et de télécommunication,M1805,Études et développement informatique,2021-12-20
M- Support à l'entreprise,M18- Systèmes d'information et de télécommunication,M1806,Conseil et maîtrise d'ouvrage en systèmes d'information,2021-12-20
M- Support à l'entreprise,M18- Systèmes d'information et de télécommunication,M1807,Exploitation de systèmes de communication et de commandement,2021-12-20
M- Support à l'entreprise,M18- Systèmes d'information et de télécommunication,M1808,Information géographique,2021-12-20
M- Support à l'entreprise,M18- Systèmes d'information et de télécommunication,M1809,Information météorologique,2021-12-20
M- Support à l'entreprise,M18- Systèmes d'information et de télécommunication,M1810,Production et exploitation de systèmes d'information,2021-12-20
N- Transport et Logistique,"N11- Magasinage, manutention des charges et déménagement",N1101,Conduite d'engins de déplacement des charges,2021-12-20
N- Transport et Logistique,"N11- Magasinage, manutention des charges et déménagement",N1102,Déménagement,2021-12-20
N- Transport et Logistique,"N11- Magasinage, manutention des charges et déménagement",N1103,Magasinage et préparation de commandes,2021-12-20
N- Transport et Logistique,"N11- Magasinage, manutention des charges et déménagement",N1104,Manoeuvre et conduite d'engins lourds de manutention,2021-12-20
N- Transport et Logistique,"N11- Magasinage, manutention des charges et déménagement",N1105,Manutention manuelle de charges,2021-12-20
N- Transport et Logistique,N12- Organisation de la circulation des marchandises,N1201,Affrètement transport,2021-12-20
N- Transport et Logistique,N12- Organisation de la circulation des marchandises,N1202,Gestion des opérations de circulation internationale des marchandises,2021-12-20
N- Transport et Logistique,N13- Personnel d'encadrement de la logistique,N1301,Conception et organisation de la chaîne logistique,2021-12-20
N- Transport et Logistique,N13- Personnel d'encadrement de la logistique,N1302,Direction de site logistique,2021-12-20
N- Transport et Logistique,N13- Personnel d'encadrement de la logistique,N1303,Intervention technique d'exploitation logistique,2021-12-20
N- Transport et Logistique,N21- Personnel navigant du transport aérien,N2101,Navigation commerciale aérienne,2021-12-20
N- Transport et Logistique,N21- Personnel navigant du transport aérien,N2102,Pilotage et navigation technique aérienne,2021-12-20
N- Transport et Logistique,N22- Personnel sédentaire du transport aérien,N2201,Personnel d'escale aéroportuaire,2021-12-20
N- Transport et Logistique,N22- Personnel sédentaire du transport aérien,N2202,Contrôle de la navigation aérienne,2021-12-20
N- Transport et Logistique,N22- Personnel sédentaire du transport aérien,N2203,Exploitation des pistes aéroportuaires,2021-12-20
N- Transport et Logistique,N22- Personnel sédentaire du transport aérien,N2204,Préparation des vols,2021-12-20
N- Transport et Logistique,N22- Personnel sédentaire du transport aérien,N2205,Direction d'escale et exploitation aéroportuaire,2021-12-20
N- Transport et Logistique,N31- Personnel navigant du transport maritime et fluvial,N3101,Encadrement de la navigation maritime,2021-12-20
N- Transport et Logistique,N31- Personnel navigant du transport maritime et fluvial,N3102,Equipage de la navigation maritime,2021-12-20
N- Transport et Logistique,N31- Personnel navigant du transport maritime et fluvial,N3103,Navigation fluviale,2021-12-20
N- Transport et Logistique,N32- Personnel sédentaire du transport maritime et fluvial,N3201,Exploitation des opérations portuaires et du transport maritime,2021-12-20
N- Transport et Logistique,N32- Personnel sédentaire du transport maritime et fluvial,N3202,Exploitation du transport fluvial,2021-12-20
N- Transport et Logistique,N32- Personnel sédentaire du transport maritime et fluvial,N3203,Manutention portuaire,2021-12-20
N- Transport et Logistique,N41- Personnel de conduite du transport routier,N4101,Conduite de transport de marchandises sur longue distance,2021-12-20
N- Transport et Logistique,N41- Personnel de conduite du transport routier,N4102,Conduite de transport de particuliers,2021-12-20
N- Transport et Logistique,N41- Personnel de conduite du transport routier,N4103,Conduite de transport en commun sur route,2021-12-20
N- Transport et Logistique,N41- Personnel de conduite du transport routier,N4104,Courses et livraisons express,2021-12-20
N- Transport et Logistique,N41- Personnel de conduite du transport routier,N4105,Conduite et livraison par tournées sur courte distance,2021-12-20
N- Transport et Logistique,N42- Personnel d'encadrement du transport routier,N4201,Direction d'exploitation des transports routiers de marchandises,2021-12-20
N- Transport et Logistique,N42- Personnel d'encadrement du transport routier,N4202,Direction d'exploitation des transports routiers de personnes,2021-12-20
N- Transport et Logistique,N42- Personnel d'encadrement du transport routier,N4203,Intervention technique d'exploitation des transports routiers de marchandises,2021-12-20
N- Transport et Logistique,N42- Personnel d'encadrement du transport routier,N4204,Intervention technique d'exploitation des transports routiers de personnes,2021-12-20
N- Transport et Logistique,N43- Personnel navigant du transport terrestre,N4301,Conduite sur rails,2021-12-20
N- Transport et Logistique,N43- Personnel navigant du transport terrestre,N4302,Contrôle des transports en commun,2021-12-20
N- Transport et Logistique,N44- Personnel sédentaire du transport ferroviaire et réseau filo guidé,N4401,Circulation du réseau ferré,2021-12-20
N- Transport et Logistique,N44- Personnel sédentaire du transport ferroviaire et réseau filo guidé,N4402,Exploitation et manoeuvre des remontées mécaniques,2021-12-20
N- Transport et Logistique,N44- Personnel sédentaire du transport ferroviaire et réseau filo guidé,N4403,Manoeuvre du réseau ferré,2021-12-20
