EPCI,LIBEPCI,NATURE_EPCI,NB_COM
200000172,CC Faucigny-Glières,CC,7
200000438,CC du Pays de Pontchâteau Saint-Gildas-des-Bois,CC,9
200000545,CC des Portes de Romilly-sur-Seine,CC,6
200000628,CC Rhône Lez Provence,CC,5
200000800,CC Cœur de Sologne,CC,6
200000925,CC de la Plaine Dijonnaise,CC,22
200000933,CC Sauldre et Sologne,CC,14
200004802,CC du Pays de Fayence,CC,9
200005932,CC des Portes de Sologne,CC,7
200005957,CC de la Région de Rambervillers,CC,30
200006682,"CA Beaune, Côte et Sud - Communauté Beaune-Chagny-Nolay",CA,53
200006716,CC du Nogentais,CC,23
200006930,CC du Haut Allier,CC,10
200006971,CC du Perche,CC,20
200007052,CC de la Marche Berrichonne,CC,9
200007177,CC Pays de Nérondes,CC,12
200010650,CA du Grand Dole,CA,47
200010700,CA Caux Seine Agglo,CA,50
200011773,CA Annemasse-Les Voirons-Agglomération,CA,12
200011781,CC Portes du Berry entre Loire et Val d'Aubois,CC,12
200013050,CC Sauer-Pechelbronn,CC,24
200015162,CC de l'Oriente,CC,22
200016905,CC du Pays de Lamastre,CC,11
200017341,CC Lodévois et Larzac,CC,28
200017846,CA Étampois Sud Essonne,CA,37
200018083,CC de Desvres-Samer,CC,31
200018166,CC Le Grésivaudan,CC,43
200018406,CC du Romorantinais et du Monestois,CC,16
200018521,CC du Val de Bouzanne,CC,12
200018653,CA Cap Excellence,CA,3
200022986,CC du Grand Pic Saint-Loup,CC,36
200023075,CC du Pays de Maîche,CC,43
200023125,CC Les Portes Briardes entre Villes et Forêts,CC,5
200023240,CC Pays de Nemours,CC,21
200023299,CC Cœur de Tarentaise,CC,6
200023307,CA du Grand Villeneuvois,CA,19
200023372,CC de la Vallée de Chamonix-Mont-Blanc,CC,4
200023414,Métropole Rouen Normandie,ME,71
200023620,CC de la Gascogne Toulousaine,CC,14
200023737,CA du Grand Cahors,CA,36
200023778,CA du Pays de Saint-Gilles-Croix-de-Vie,CA,14
200023794,CC de Blaye,CC,20
200023919,CC Gâtinais Val de Loing,CC,20
200026573,CC Haut-Jura Saint-Claude,CC,22
200027027,CC Arc Sud Bretagne,CC,12
200027076,CC Arnon Boischaut Cher,CC,18
200027100,CC Méditerranée Porte des Maures,CC,6
200027183,CU Perpignan Méditerranée Métropole,CU,36
200027217,CC Sarlat-Périgord Noir,CC,13
200027308,CC d'Auberive Vingeanne et Montsaugeonnais,CC,51
200027548,CC des Savanes,CC,4
200029734,CC des 4B Sud Charente,CC,40
200029999,CC Rives de l'Ain - Pays du Cerdon,CC,14
200030195,Métropole Nice Côte d'Azur,ME,51
200030385,"CA de Blois ""Agglopolys""",CA,43
200030435,CC d'Aire-sur-l'Adour,CC,22
200030526,CC du Ried de Marckolsheim,CC,18
200030633,CA du Caudrésis et du Catésis,CA,46
200030658,CC du Trièves,CC,27
200030674,CA Val de Garonne Agglomération,CA,43
200032514,CC Berry-Loire-Vauvise,CC,14
200033025,CA de Bar-le-Duc - Sud Meuse,CA,33
200033090,CC Plaines et Monts de France,CC,20
200033116,CC Cluses-Arve et Montagnes,CC,10
200033173,CC de la Haute Vallée de Chevreuse,CC,10
200033181,CA Chartres Métropole,CA,66
200033298,CC des Coëvrons,CC,29
200033579,CU d'Arras,CU,46
200033827,CC de Fium'Orbu Castellu,CC,13
200033868,CC des Ballons des Hautes-Vosges,CC,8
200034023,CC Tarn-Agout,CC,21
200034031,CC des Monts d'Alban et du Villefranchois,CC,14
200034049,CC Centre Tarn,CC,11
200034056,CC du Lautrécois et du Pays d'Agout,CC,28
200034064,CC du Cordais et du Causse (4 C),CC,25
200034098,CC des Montagnes du Giffre,CC,8
200034130,CC Gally Mauldre,CC,11
200034197,CC de Montaigne Montravel et Gurson,CC,18
200034205,CC de la Costa Verde,CC,23
200034270,CC du Pays de Barr,CC,20
200034379,CC Pays d'Uzès,CC,34
200034411,CC du Piémont Cévenol,CC,34
200034601,CC Causses Aigoual Cévennes,CC,15
200034635,CC du Kochersberg,CC,23
200034692,CA du Gard Rhodanien,CA,44
200034700,CA Durance-Lubéron-Verdon Agglomération,CA,25
200034718,"CC de Vitry, Champagne et Der",CC,35
200034726,CC Bastides de Lomagne,CC,41
200034825,CA du Grand Guéret,CA,25
200034833,CC des Bastides Dordogne-Périgord,CC,47
200034874,CC Côtes de Meuse Woëvre,CC,25
200034882,CC Pays du Mont-Blanc,CC,10
200034957,CC du Frontonnais,CC,10
200035087,CA Terre de Provence,CA,13
200035103,CC de la Vallée de la Haute Sarthe,CC,31
200035111,CC des Sources de l'Orne,CC,23
200035129,CC de Cèze Cévennes,CC,23
200035137,CC Marche Occitane - Val d'Anglin,CC,17
200035202,CC Charlieu-Belmont,CC,25
200035319,CA Estérel Côte d'Azur Agglomération,CA,5
200035327,CC Cazals-Salviac,CC,15
200035442,CC du Sud-Artois,CC,64
200035533,CC du Grand Saint-Émilionnais,CC,22
200035541,CC des Landes d'Armagnac,CC,27
200035632,CC Armagnac Adour,CC,24
200035707,CC Piège Lauragais Malepère,CC,38
200035715,CA Carcassonne Agglo,CA,83
200035723,CC Ventoux Sud,CC,11
200035731,CA Roannais Agglomération,CA,40
200035756,CC Astarac Arros en Gascogne,CC,37
200035764,CC de la Beauce Loirétaine,CC,23
200035772,CC du Pays du Saintois,CC,55
200035814,CA Flers Agglo,CA,42
200035848,CC du Châtillonnais en Berry,CC,10
200035855,CC Castelnaudary Lauragais Audois,CC,43
200035863,"CC Région Lézignanaise, Corbières et Minervois",CC,54
200035970,CC Vexin Centre,CC,34
200036069,CC du Pays de Mortagne au Perche,CC,33
200036077,CC du Golfe de Saint-Tropez,CC,12
200036135,CC Cœur de France,CC,19
200036150,CC des Hauts du Val de Saône,CC,48
200036465,CC de Thann-Cernay,CC,16
200036473,CA de Saintes,CA,36
200036499,CC de Marana-Golo,CC,10
200036523,CC des Bastides en Haut Agenais Périgord,CC,43
200036549,CC Val de Gray,CC,48
200037059,CC de la Haute Somme (Combles - Péronne - Roisel),CC,60
200037133,CC du Provinois,CC,39
200038958,CC de la Pieve de l'Ornano et du Taravo,CC,28
200038990,CC de Saint-Méen Montauban,CC,17
200039022,CA Vitré Communauté,CA,46
200039055,CC Ouche et Montagne,CC,32
200039063,"CC Forêts, Seine et Suzon",CC,25
200039204,CC de Lacq-Orthez,CC,61
200039519,CC du Quercy Blanc,CC,10
200039642,CC Le Tonnerrois en Bourgogne,CC,52
200039709,CC du Serein,CC,35
200039758,"CC Avallon, Vézelay, Morvan",CC,48
200039808,CC des Gorges de l'Ardèche,CC,20
200039824,CC Ardèche des Sources et Volcans,CC,16
200039832,CC Pays des Vans en Cévennes,CC,15
200039857,CA du Pays de Grasse,CA,23
200039865,Metz Métropole,ME,46
200039907,CC du Sud Messin,CC,34
200039915,CA Cannes Pays de Lérins,CA,5
200039931,CC Alpes d'Azur,CC,34
200039949,CC Rives de Moselle,CC,20
200040038,CC Saône Doubs Bresse,CC,27
200040095,CC Isle Vern Salembre en Périgord,CC,16
200040111,CC Cœur de Chartreuse,CC,17
200040137,CC des Lacs de Champagne,CC,43
200040178,CC de l'Outre-Forêt,CC,13
200040202,CC Provence Verdon,CC,15
200040210,CC Lacs et Gorges du Verdon,CC,16
200040244,CA du Bocage Bressuirais,CA,33
200040251,CC Bassée-Montois,CC,42
200040277,CA Agglo du Pays de Dreux,CA,81
200040293,CC du Clunisois,CC,41
200040350,CC Bugey Sud,CC,42
200040384,CC Isle Double Landais,CC,9
200040392,CA Le Grand Périgueux,CA,43
200040400,CC du Périgord Ribéracois,CC,44
200040418,CC du Pays de Serres en Quercy,CC,22
200040426,CC du Val de l'Oise,CC,32
200040442,CA Luberon Monts de Vaucluse,CA,16
200040459,CA Montélimar Agglomération,CA,27
200040475,CC LBN Communauté,CC,29
200040491,CC Porte de DrômArdèche,CC,34
200040509,CC du Crestois et de Pays de Saillans Cœur de Drôme,CC,15
200040558,CC Écueillé-Valençay,CC,18
200040566,CA de l'Ouest Rhodanien,CA,31
200040574,CC Beaujolais Pierres Dorées,CC,32
200040590,CA Villefranche Beaujolais Saône,CA,18
200040624,CC Pays d'Apt-Luberon,CC,25
200040657,CC de la Matheysine,CC,43
200040681,CC Enclave des Papes-Pays de Grignan,CC,19
200040715,Grenoble-Alpes-Métropole,ME,49
200040764,CC du Sud Corse,CC,7
200040772,CC du Perche et Haut Vendômois,CC,23
200040798,CC Val Vanoise,CC,9
200040814,CC Briance Sud Haute Vienne,CC,11
200040830,CC du Pays de Fénelon,CC,17
200040889,CC de Portes Sud Périgord,CC,25
200040905,CC Carmausin-Ségala,CC,31
200040947,CC de Flandre Intérieure,CC,50
200040954,CC des Hauts de Flandre,CC,40
200041010,CC Cœur de Savoie,CC,41
200041051,CC Vallée de la Dordogne et Forêt Bessède,CC,20
200041150,CC Terrassonnais Haut Périgord Noir,CC,37
200041168,CC de la Vallée de l'Homme,CC,26
200041283,CC de la Plaine du Rhin,CC,19
200041317,CA du Niortais,CA,40
200041325,CC du Pays Rhénan,CC,17
200041333,CC de Parthenay-Gâtine,CC,38
200041366,CC Rhône Crussol,CC,13
200041416,CC Airvaudais-Val du Thouet,CC,9
200041440,CC de Domme-Villefranche du Périgord,CC,23
200041465,CC Val Eyrieux,CC,29
200041499,CC Aunis Atlantique,CC,20
200041507,CA La Riviera du Levant,CA,4
200041515,CC du Bassin de Pont-à-Mousson,CC,31
200041523,CC de la Haute Saintonge,CC,129
200041556,CC Portes de la Creuse en Marche,CC,16
200041572,CC Dronne et Belle,CC,16
200041614,CC Aunis Sud,CC,24
200041622,CC Ardennes Thiérache,CC,37
200041630,CA Ardenne Métropole,CA,58
200041689,CC Vals de Saintonge Communauté,CC,110
200041721,CC de la Haute Comté,CC,37
200041762,CA Rochefort Océan,CA,25
200041788,CA du Pays Nord Martinique,CA,18
200041853,CC du Pays de Montbozon et du Chanois,CC,27
200041861,CC du Triangle Vert,CC,42
200041879,CC Terres de Saône,CC,39
200041887,CC du Val Marnaysien,CC,45
200041960,CC Pévèle-Carembault,CC,38
200041994,CC Haut Val de Sèvre,CC,19
200042000,CC Bruyères-Vallons des Vosges,CC,34
200042174,CA Lorient Agglomération,CA,25
200042182,CC du Mont des Avaloirs,CC,26
200042190,CA de la Porte du Hainaut,CA,46
200042372,CC des Coteaux Arrats Gimone,CC,30
200042414,CC Bresse Revermont 71,CC,17
200042463,CC de la Montagne Noire,CC,22
200042497,CC Dombes Saône Vallée,CC,19
200042604,"CC de Granville, Terre et Mer",CC,32
200042620,CC de la Région de Suippes,CC,16
200042646,CC Grand Orb communauté de communes en Languedoc,CC,24
200042653,CC Sud-Hérault,CC,17
200042703,CC de l'Argonne Champenoise,CC,60
200042729,CC de la Baie du Cotentin,CC,23
200042901,CC Drôme Sud Provence,CC,14
200042935,CA Haut - Bugey Agglomération,CA,42
200042943,CC du Cap Corse,CC,18
200042992,CC Perthois-Bocage et Der,CC,25
200043016,CC Val de Charente,CC,32
200043065,CC du Val d'Amboise,CC,14
200043081,"CC Chinon, Vienne et Loire",CC,19
200043123,CC Auray Quiberon Terre Atlantique,CC,24
200043156,CC du Pays Rethélois,CC,65
200043172,CA du Bassin de Brive,CA,48
200043263,CC Cœur de l'Avesnois,CC,43
200043321,CC du Pays de Mormal,CC,53
200043354,CC de Villedieu Intercom,CC,27
200043396,CA Maubeuge Val de Sambre,CA,43
200043404,CC du Sud Avesnois,CC,12
200043438,CC de la Moivre à la Coole,CC,28
200043495,CA du Pays de Laon,CA,38
200043602,"CC des Albères, de la Côte Vermeille et de l'Illibéris",CC,15
200043628,CC des Vallées du Clain,CC,16
200043693,CC Terre Lorraine du Longuyonnais,CC,27
200043776,CC Pyrénées Audoises,CC,61
200043974,CC du Sud Gironde,CC,37
200043982,CC du Bazadais,CC,31
200043990,CC Vallons de Haute-Bretagne Communauté,CC,18
200044014,CC Creuse Grand Sud,CC,26
200044030,CC des 7 Vallées,CC,69
200044048,CC Osartis Marquion,CC,49
200044253,CC du Bassin de Joinville en Champagne,CC,59
200044394,CC du Réolais en Sud Gironde,CC,41
200044469,CC du Pays de Mirepoix,CC,33
200044618,CA Douaisis Agglo,CA,35
200044691,CA du Nord Grande Terre,CA,5
200046977,Métropole de Lyon,METLYON,59
200048551,CC du Pays de Craon,CC,37
200049187,CA du Grand Verdun,CA,25
200049211,CC Conflent-Canigó,CC,45
200049484,CC Berry Grand Sud,CC,32
200050532,CC de Petite-Terre,CC,2
200054781,Métropole du Grand Paris,ME,131
200054807,Métropole d'Aix-Marseille-Provence,ME,92
200055481,CC Beauce Val de Loire,CC,30
200055655,CA Roissy Pays de France,CA,42
200055887,CC Mayenne Communauté,CC,33
200056232,CA Communauté Paris-Saclay,CA,27
200056380,CA Plaine Vallée,CA,18
200057859,CA Cœur d'Essonne Agglomération,CA,21
200057958,CA Paris - Vallée de la Marne,CA,12
200058360,CC entre Beauce et Perche,CC,33
200058477,CA Val d'Yerres Val de Seine,CA,9
200058485,CA Val Parisis,CA,15
200058519,CA Saint Germain Boucles de Seine,CA,19
200058782,CA de Saint-Quentin-en-Yvelines,CA,12
200059228,CA Grand Paris Sud Seine Essonne Sénart,CA,23
200059392,CC Bièvre Isère,CC,50
200059400,CC Porte Océane du Limousin,CC,13
200059871,CC du Centre-Ouest,CC,5
200059889,CU Grand Paris Seine et Oise,CU,73
200060010,CA Mauges Communauté,CA,6
200060457,CA de Dembeni / Mamoudzou,CA,2
200060465,CA du Grand Nord de Mayotte,CA,4
200060473,CC du Sud,CC,4
200065563,CC Normandie-Cabourg-Pays d'Auge,CC,39
200065589,CC Val ès Dunes,CC,18
200065597,CU Caen la Mer,CU,48
200065647,CA Pays de Montbéliard Agglomération,CA,72
200065787,CC de Pont-Audemer / Val de Risle,CC,32
200065886,CA Loire Forez Agglomération,CA,87
200065894,CC de Forez-Est,CC,42
200065928,CA Lannion-Trégor Communauté,CA,57
200066009,CA Mulhouse Alsace Agglomération,CA,39
200066017,CC Lieuvin Pays d'Auge,CC,51
200066025,CC Pays Rhin - Brisach,CC,29
200066033,CC Sud Alsace Largue,CC,44
200066041,CC Sundgau,CC,64
200066058,CA Saint-Louis Agglomération,CA,40
200066108,CC des Portes de Meuse,CC,51
200066116,CC Argonne-Meuse,CC,38
200066124,CA Gaillac-Graulhet,CA,56
200066132,CC du Pays de Stenay et du Val Dunois,CC,41
200066140,CC de l'Aire à l'Argonne,CC,47
200066157,CC de Commercy - Void - Vaucouleurs,CC,54
200066165,CC Val de Meuse - Voie Sacrée,CC,25
200066173,CC de Damvillers Spincourt,CC,41
200066223,CC Arize Lèze,CC,27
200066231,CC des Portes d'Ariège Pyrénées,CC,34
200066280,CC du Pithiverais,CC,31
200066322,CC Terres des Confluences,CC,22
200066330,CC Terres du Haut Berry,CC,30
200066348,CC du Minervois au Caroux,CC,36
200066355,CA Sète Agglopôle Méditerranée,CA,14
200066363,CC de la Haute Ariège,CC,52
200066371,CC Causses et Vallée de la Dordogne,CC,77
200066389,CA Saint-Lô Agglo,CA,61
200066405,CC Roumois Seine,CC,40
200066413,CC Intercom Bernay Terres de Normandie,CC,75
200066462,CC Interco Normandie Sud Eure,CC,41
200066512,CC Élan Limousin Avenir Nature,CC,24
200066520,CC Ouest Limousin,CC,16
200066553,CC des Monts de Lacaune et de la Montagne du Haut Languedoc,CC,20
200066561,CC Sidobre Vals et Plateaux,CC,16
200066587,CC des Monts du Lyonnais,CC,32
200066603,CC du Pays de Lubersac-Pompadour,CC,12
200066637,CC Hautes Terres Communauté,CC,35
200066645,CC Vézère-Monédières-Millesources,CC,20
200066652,CC Grand Sud Tarn et Garonne,CC,25
200066660,CC Saint-Flour Communauté,CC,53
200066678,CC de la Châtaigneraie Cantalienne,CC,50
200066710,CC Cingal-Suisse Normande,CC,42
200066728,CC Vallées de l'Orne et de l'Odon,CC,23
200066744,CC Haute-Corrèze Communauté,CC,70
200066751,CC Xaintrie Val'Dordogne,CC,30
200066769,CC Midi Corrézien,CC,34
200066777,CC Ploërmel Communauté,CC,30
200066785,CC de l'Oust à Brocéliande,CC,26
200066793,CA du Grand Annecy,CA,34
200066801,CC Isigny-Omaha Intercom,CC,59
200066819,CC du Volvestre,CC,32
200066827,CC du Pays de Honfleur-Beuzeville,CC,23
200066835,CC de Sézanne-Sud Ouest Marnais,CC,62
200066850,CC des Paysages de la Champagne,CC,51
200066868,CC Presqu'île de Crozon-Aulne maritime,CC,10
200066876,CA de Châlons-en-Champagne,CA,46
200066884,CC Quercy Vert-Aveyron,CC,13
200066892,CC de Vendeuvre-Soulaines,CC,38
200066918,CA Alès Agglomération,CA,72
200066926,CA Grand Auch Cœur de Gascogne,CA,34
200066975,CC Senlis Sud Oise,CC,17
200067023,CC Coutances Mer et Bocage,CC,48
200067031,CC Côte Ouest Centre Manche,CC,30
200067049,CC Spelunca-Liamone,CC,33
200067064,CC Decazeville Communauté,CC,12
200067072,CC Haut-Léon Communauté,CC,14
200067080,CC Chablis Villages et Terroirs,CC,36
200067106,CA du Pays Basque,CA,158
200067114,CA de l'Auxerrois,CA,29
200067122,CC du Pays de Lafrançaise,CC,11
200067130,CC de Puisaye-Forterre,CC,57
200067155,"CC Saint Affricain, Roquefort, Sept Vallons",CC,14
200067163,"CC Monts, Rance et Rougier",CC,23
200067171,"CC Aubrac, Carladez et Viadène",CC,21
200067189,CC Creuse Sud Ouest,CC,43
200067197,CC Monts d'Arrée Communauté,CC,12
200067205,CA du Cotentin,CA,129
200067213,CU du Grand Reims,CU,143
200067239,CC des Luys en Béarn,CC,66
200067247,CC Pleyben-Châteaulin-Porzay,CC,17
200067254,CA Pau Béarn Pyrénées,CA,31
200067262,CC du Haut Béarn,CC,48
200067288,CC du Béarn des Gaves,CC,53
200067296,CC du Nord Est Béarn,CC,73
200067304,CC Serein et Armance,CC,29
200067320,CC Serre-Ponçon Val d'Avance,CC,16
200067346,CA Pornic Agglo Pays de Retz,CA,15
200067361,CC Grand-Figeac,CC,92
200067379,CC Côtes de Champagne et Val de Saulx,CC,40
200067429,CC Haut Nivernais-Val d'Yonne,CC,30
200067437,CA Provence-Alpes-Agglomération,CA,46
200067445,CC Buëch-Dévoluy,CC,20
200067452,CC du Guillestrois et du Queyras,CC,15
200067460,CC Loudéac Communauté - Bretagne Centre,CC,41
200067478,CC Comtal Lot et Truyère,CC,21
200067486,CC Bouzonvillois-Trois Frontières,CC,40
200067502,CA Saint-Avold Synergie,CA,41
200067544,CC Creuse Confluence,CC,42
200067551,CA Thonon Agglomération,CA,25
200067593,CC Marche et Combraille en Aquitaine,CC,50
200067627,CC Billom Communauté,CC,25
200067635,CA Clisson Sèvre et Maine Agglo,CA,16
200067643,CC Meurthe Mortagne Moselle,CC,37
200067650,CC Houve-Pays Boulageois,CC,37
200067668,"CC de la Cléry, du Betz et de l'Ouanne",CC,23
200067676,CC Canaux et Forêts en Gâtinais,CC,38
200067684,"CA Épernay, Coteaux et Plaine de Champagne",CA,47
200067692,CC Tannay-Brinon-Corbigny,CC,58
200067700,CC Sud Nivernais,CC,20
200067742,CC Serre-Ponçon,CC,17
200067759,CC Vallées et Plateau d'Ardenne,CC,31
200067767,CC du Royans-Vercors,CC,18
200067783,CC de Hanau-La Petite Pierre,CC,38
200067791,CA Pays Foix-Varilhes,CA,42
200067817,CC Saône-Beaujolais,CC,35
200067825,CA Gap-Tallard-Durance,CA,17
200067841,CC de l'Alsace Bossue,CC,45
200067866,CC Sèvre et Loire,CC,11
200067874,CA de Haguenau,CA,36
200067882,CC Bazois Loire Morvan,CC,46
200067890,CC Morvan Sommets et Grands Lacs,CC,34
200067908,CC Amognes Cœur du Nivernais,CC,28
200067916,CC Cœur de Loire,CC,30
200067924,CC du Canton d'Erstein,CC,28
200067932,CA Golfe du Morbihan - Vannes Agglomération,CA,34
200067940,CC Couserans-Pyrénées,CC,94
200067957,CC Haut Chemin-Pays de Pange,CC,28
200067965,CA de la Région de Compiègne et de la Basse Automne,CA,22
200067973,CC Thelloise,CC,41
200067981,CA Guingamp-Paimpol Agglomération de l'Armor à l'Argoat,CA,57
200067999,CA du Beauvaisis,CA,53
200068005,CC de l'Oise Picarde,CC,52
200068047,CA Creil Sud Oise,CA,11
200068070,CC Loue-Lison,CC,72
200068088,CC Les Bertranges,CC,32
200068096,CC Champsaur-Valgaudemar,CC,25
200068104,CA de la Provence Verte,CA,28
200068112,CC du Pays de Saverne,CC,35
200068120,CA Quimper Bretagne Occidentale,CA,14
200068146,CC Sarrebourg Moselle Sud,CC,76
200068229,CC des Baronnies en Drôme Provençale,CC,67
200068278,CC Berry Loire Puisaye,CC,20
200068294,CC des Deux Vallées Vertes,CC,54
200068369,CC de Mirecourt Dompaire,CC,76
200068377,CC de la Porte des Vosges Méridionales,CC,10
200068435,CC Cœur du Perche,CC,12
200068443,CC Andaine - Passais,CC,12
200068450,CC Argentan Intercom,CC,49
200068468,CC des Pays de L'Aigle,CC,32
200068484,CC des Causses à l'Aubrac,CC,17
200068500,CA de Cambrai,CA,55
200068534,CC Terroir de Caux,CC,79
200068542,CC Les Balcons du Dauphiné,CC,47
200068559,CC de l'Ouest Vosgien,CC,70
200068567,CC Les Vals du Dauphiné,CC,36
200068625,CC Alpes-Provence-Verdon - Sources de Lumière,CC,41
200068641,CA Le Muretain Agglo,CA,26
200068658,CA de Chaumont,CA,63
200068666,CA de Saint-Dizier Der et Blaise,CA,60
200068674,CA Grand Lac,CA,28
200068682,CC Terre d'Eau,CC,45
200068757,CA d'Épinal,CA,78
200068765,CC du Sisteronais-Buëch,CC,60
200068773,CC des Vosges côté Sud Ouest,CC,60
200068781,CA Valence Romans Agglo,CA,54
200068799,CC Intercom de la Vire au Noireau,CC,17
200068807,CC du Bassin Auterivain Haut-Garonnais,CC,19
200068815,CC Cœur de Garonne,CC,48
200068831,CC Pays Ségali Communauté,CC,23
200068856,CC des Hauts du Perche,CC,10
200068864,CC de la Mossig et du Vignoble,CC,24
200068872,CC Éguzon - Argenton - Vallée de la Creuse,CC,21
200068880,CC Champagne Boischauts,CC,30
200068914,CC La Rochefoucauld porte du Périgord,CC,27
200068922,CC du Confluent et des Coteaux de Prayssas,CC,29
200068930,CC Fumel Vallée du Lot,CC,27
200068948,CC Albret Communauté,CC,33
200068955,CC Anjou Loir et Sarthe,CC,17
200068963,CC Maine Cœur de Sarthe,CC,13
200068989,CA Dinan Agglomération,CA,65
200068997,CA Arlysère,CA,39
200069003,CC du Barséquanais en Champagne,CC,53
200069029,CA des Deux Baies en Montreuillois,CA,46
200069037,CA du Pays de Saint-Omer,CA,53
200069052,CA Grand Belfort,CA,52
200069060,CC des Vosges du Sud,CC,22
200069086,CC Leff Armor Communauté,CC,27
200069094,CC Isle et Crempse en Périgord,CC,25
200069102,CC Randon - Margeride,CC,15
200069110,CA du Grand Chambéry,CA,38
200069128,CC Mont Lozère,CC,21
200069136,CC des Cévennes au Mont Lozère,CC,19
200069144,CC des Hautes Terres de l'Aubrac,CC,17
200069151,CC Gorges Causses Cévennes,CC,17
200069169,CC Dômes Sancy Artense,CC,27
200069177,CC Mond'Arverne Communauté,CC,27
200069185,CC des Terres d'Apcher-Margeride-Aubrac,CC,20
200069193,CC de la Dombes,CC,36
200069227,CC Pays Fort Sancerrois Val de Loire,CC,36
200069235,CC du Haut Pays du Montreuillois,CC,49
200069250,CA Troyes Champagne Métropole,CA,81
200069268,CC Aubrac Lot Causses Tarn,CC,15
200069300,CA Tarbes-Lourdes-Pyrénées,CA,86
200069383,CC Ouest Aveyron Communauté,CC,29
200069391,CA Lamballe Terre et Mer,CA,38
200069409,CA Saint-Brieuc Armor Agglomération,CA,32
200069417,CC Pays d'Orthe et Arrigans,CC,24
200069425,CA Mont-Saint-Michel-Normandie,CA,95
200069433,CC de Vezouze en Piémont,CC,51
200069441,CC du Pays de Bitche,CC,46
200069458,CC des Vallées d'Auge et du Merlerault,CC,46
200069482,CC des Campagnes de l'Artois,CC,96
200069516,CC Seulles Terre et Mer,CC,28
200069524,CC Pré-Bocage Intercom,CC,27
200069532,CA Lisieux Normandie,CA,53
200069540,CC Norge et Tille,CC,14
200069565,CC des Lacs et Montagnes du Haut-Doubs,CC,32
200069581,CC Convergence Garonne,CC,27
200069599,CC rurales de l'Entre-Deux-Mers,CC,50
200069615,CC Bresse Haute Seille,CC,54
200069623,CC Champagnole Nozeroy Jura,CC,66
200069631,CC Terres de Chalosse,CC,34
200069649,CC Chalosse Tursan,CC,50
200069656,CC Cœur Haute Lande,CC,26
200069664,CC Meuse Rognon,CC,59
200069672,CC du Ternois,CC,103
200069698,CC Mâconnais - Tournugeois,CC,24
200069722,CC interrégionale Aumale - Blangy-sur-Bresle,CC,44
200069730,CC des 4 rivières,CC,53
200069748,CC Val de Gâtine,CC,31
200069755,CC Mellois en Poitou,CC,62
200069763,CC du Haut-Poitou,CC,27
200069821,CA Fécamp Caux Littoral Agglomération,CA,33
200069839,CC de la Côte d'Albâtre,CC,63
200069847,CC Plateau de Caux,CC,40
200069854,CU du Grand Poitiers,CU,40
200069912,CC des Forêts du Perche,CC,15
200069953,CC des Portes Euréliennes d'Île-de-France,CC,39
200069961,CC du Grand Châteaudun,CC,23
200069995,CC Médoc Cœur de Presqu'île,CC,18
200070035,CC du Civraisien en Poitou,CC,36
200070043,CC Vienne et Gartempe,CC,55
200070068,CC Communauté Bray-Eawy,CC,46
200070092,CA du Libournais,CA,45
200070100,CC du Val de Sully,CC,19
200070118,CC Val de Saône Centre,CC,15
200070126,CC Seine et Aube,CC,25
200070142,CC Lyons Andelle,CC,30
200070159,CC Cœur de Beauce,CC,48
200070167,CC Terres de Perche,CC,22
200070183,CC des Terres du Val de Loire,CC,25
200070233,CA Terres de Montaigu,CA,10
200070282,CC Lavalette Tude Dronne,CC,50
200070290,CC Coeur du Pays Haut,CC,25
200070308,CA Mâconnais Beaujolais Agglomération,CA,39
200070316,"CC Entre Arroux, Loire et Somme",CC,30
200070324,CC du Territoire de Lunéville à Baccarat,CC,43
200070332,CC des Savoir-Faire,CC,63
200070340,CC Haute Maurienne Vanoise,CC,10
200070365,CC Corbières Salanque Méditerranée,CC,21
200070373,CC Loir-Lucé-Bercé,CC,24
200070407,CA Agglo Pays d'Issoire,CA,88
200070431,CC Saint-Marcellin Vercors Isère Communauté,CC,47
200070449,CC Inter-Caux-Vexin,CC,64
200070464,CC Cœur de Maurienne Arvan,CC,14
200070506,CC Pays de Nexon Monts de Chalus,CC,15
200070514,CA du Grand Cognac,CA,55
200070530,CC du Grand Autunois Morvan,CC,55
200070548,CC Brionnais Sud Bourgogne,CC,29
200070555,CC de la Veyle,CC,18
200070563,CC Terres Touloises,CC,41
200070571,CC Cœur de Berry,CC,11
200070589,CC de Seille et Grand Couronné,CC,42
200070647,CA Bergeracoise,CA,38
200070662,CC Bretagne porte de Loire Communauté,CC,20
200070670,CC du Pays de Dol et de la Baie du Mont Saint-Michel,CC,19
200070688,CC Couesnon Marches de Bretagne,CC,15
200070712,CC Thiers Dore et Montagne,CC,30
200070720,CC Médoc Atlantique,CC,14
200070738,CC Mad et Moselle,CC,47
200070746,CA Sarreguemines Confluences,CA,38
200070753,CA Riom Limagne et Volcans,CA,31
200070761,CC Ambert Livradois Forez,CC,58
200070779,CC Brie des Rivières et Châteaux,CC,31
200070787,CC du Plateau de Lannemezan,CC,57
200070795,CC du Pays de Trie et du Magnoac,CC,50
200070803,CC des Coteaux du Val d'Arros,CC,53
200070811,CC Pyrénées Vallées des Gaves,CC,46
200070829,CC Neste Barousse,CC,43
200070845,CC Orne Lorraine Confluences,CC,41
200070852,CC Usses et Rhône,CC,26
200070894,CC de Gevrey-Chambertin et de Nuits-Saint-Georges,CC,55
200070902,CC Auxonne Pontailler Val de Saône,CC,35
200070910,CC Tille et Venelle,CC,18
200070928,CC Terre de Picardie,CC,43
200070936,CC Ponthieu-Marquenterre,CC,71
200070944,CC du Vimeu,CC,25
200070951,CC du Territoire Nord Picardie,CC,65
200070969,CC Avre Luce Noye,CC,47
200070977,CC du Grand Roye,CC,62
200070985,CC de l'Est de la Somme,CC,41
200070993,CA de la Baie de Somme,CA,43
200071017,CC des Terres d'Auxois,CC,76
200071025,CC Haute-Provence-Pays de Banon,CC,21
200071033,CC Jabron-Lure-Vançon-Durance,CC,14
200071041,CC du Chaourçois et du Val d'Armance,CC,42
200071058,CC Les Avant-Monts,CC,25
200071066,CA de Saint-Dié-des-Vosges,CA,77
200071074,CC Les Portes de l'Ile de France,CC,18
200071082,CA Montluçon Communauté,CA,21
200071116,CA ECLA (Espace Communautaire Lons Agglomération),CA,32
200071140,CA Moulins Communauté,CA,44
200071165,CA Les Sables d'Olonne Agglomération,CA,5
200071173,CC du Pays Arnay Liernais,CC,34
200071181,CC Somme Sud-Ouest,CC,119
200071199,CC Plaine Limagne,CC,25
200071207,CC de Pouilly-en-Auxois/Bligny-sur-Ouche,CC,47
200071215,CC Chavanon Combrailles et Volcans,CC,36
200071223,CC Nièvre et Somme,CC,36
200071298,CC des Terres du Lauragais,CC,58
200071314,CC des Hauts-Tolosans,CC,29
200071363,CA Vichy Communauté,CA,39
200071371,CC Bresse et Saône,CC,20
200071389,CC Saint-Pourçain Sioule Limagne,CC,60
200071405,CC Ardèche Rhône Coiron,CC,15
200071413,CA Privas Centre Ardèche,CA,42
200071454,CA Evreux Portes de Normandie,CA,74
200071470,CC Entr'Allier Besbre et Loire,CC,44
200071496,CC du Bocage Bourbonnais,CC,25
200071504,CC des Collines du Perche Normand,CC,16
200071512,CC Commentry Montmarault Néris Communauté,CC,33
200071520,CC Domfront Tinchebray Interco,CC,15
200071538,CC Terres de Bresse,CC,25
200071546,CC Sud Retz Atlantique,CC,8
200071553,CC Loire Layon Aubance,CC,19
200071579,CC Bresse Louhannaise Intercom',CC,30
200071587,CC Loches Sud Touraine,CC,67
200071595,"CC Arbois, Poligny, Salins, Cœur du Jura",CC,66
200071629,CC Challans-Gois Communauté,CC,11
200071645,CC Saint Cyr Mère Boitier entre Charolais et Mâconnais,CC,16
200071652,CC du Pays Fertois et du Bocage Carrougien,CC,19
200071678,CA Agglomération du Choletais,CA,26
200071751,CA du Bassin de Bourg-en-Bresse,CA,74
200071769,CC Picardie des Châteaux,CC,36
200071777,"CC d'Arcis, Mailly, Ramerupt",CC,39
200071785,CA Chauny-Tergnier-La Fère,CA,48
200071819,CC du Périgord Nontronnais,CC,28
200071827,CA du Grand Angoulême,CA,38
200071843,CC du Vexin Normand,CC,39
200071850,CC du Pithiverais-Gâtinais,CC,32
200071868,CC des Vallées du Haut-Anjou,CC,16
200071876,CA Saumur Val de Loire,CA,45
200071884,CC Le Grand Charolais,CC,44
200071892,CA du Saint-Quentinois,CA,39
200071900,CC Vendée Grand Littoral,CC,20
200071918,CC du Pays de Saint-Fulgent - Les Essarts,CC,10
200071926,CC du Limouxin,CC,76
200071934,CC Pays de Fontenay-Vendée,CC,25
200071942,CC Haut Limousin en Marche,CC,40
200071967,CC Pays d'Évian Vallée d'Abondance,CC,22
200071983,CC Thiérache Sambre et Oise,CC,36
200071991,CC Retz-en-Valois,CC,54
200072007,CC de la Montagne d'Ardèche,CC,28
200072015,CA Annonay Rhône Agglo,CA,29
200072023,CC Cœur de Charente,CC,50
200072031,CA de la Région de Château-Thierry,CA,87
200072049,CC de Charente Limousine,CC,58
200072056,CC Porte du Jura,CC,22
200072064,CC Val-de-Cher-Controis,CC,33
200072072,CA Territoires Vendômois,CA,65
200072080,CC du Pays de Saint-Éloy,CC,34
200072098,CC Combrailles Sioule et Morge,CC,29
200072106,CC Adour Madiran,CC,72
200072130,CA du Pays de Meaux,CA,26
200072304,CC Vallée de l'Ubaye - Serre-Ponçon,CC,13
200072312,CA Seine Normandie Agglomération,CA,61
200072320,CC Val de Gers,CC,45
200072346,CA du Pays de Fontainebleau,CA,26
200072452,CA Fougères Agglomération,CA,29
200072460,"CA de Béthune-Bruay, Artois-Lys Romane",CA,100
200072478,CC Pays d'Opale,CC,23
200072544,CC des Deux Morin,CC,31
200072635,CC Pyrénées Haut Garonnaises,CC,76
200072643,CC Cœur et Coteaux du Comminges,CC,104
200072650,CC Touraine Vallée de l'Indre,CC,22
200072668,CC Touraine Val de Vienne,CC,40
200072676,CC Maine Saosnois,CC,51
200072684,CC Le Gesnois Bilurien,CC,22
200072692,CC des Vallées de la Braye et de l'Anille,CC,19
200072700,CC Haute Sarthe Alpes Mancelles,CC,38
200072718,CC de la Champagne Conlinoise et du Pays de Sillé,CC,24
200072726,CC Châteaubriant-Derval,CC,26
200072734,CC Estuaire et Sillon,CC,11
200072825,CC Mirebellois et Fontenois,CC,32
200072874,CC Val Briard,CC,21
200072882,CC de Vie et Boulogne,CC,15
200072981,CC Touraine Ouest Val de Loire,CC,28
200072999,CC du Grand Langres,CC,54
200073013,CC Carnelle Pays-de-France,CC,19
200073096,CA Arche Agglo,CA,41
200073104,CC de l'Île-Rousse - Balagne,CC,22
200073112,CC Sud Sarthe,CC,19
200073120,CC Nebbiu - Conca d'Oro,CC,15
200073138,CC Pasquale Paoli,CC,42
200073146,CC Cagire Garonne Salat,CC,55
200073161,CC Touraine-Est Vallées,CC,10
200073237,CC de Gâtine-Racan,CC,19
200073245,CC du Bassin d'Aubenas,CC,28
200073252,CC de la Castagniccia-Casinca,CC,42
200073260,CC Sud Vendée Littoral,CC,43
200073344,CA Rambouillet Territoires,CA,36
200073393,CC des Rives du Haut Allier,CC,60
200073401,CC Mézenc-Loire-Meygal,CC,22
200073419,CA du Puy-en-Velay,CA,72
200073427,CC Marches du Velay-Rochebaron,CC,14
200077014,CA Vienne Condrieu,CA,30
200083392,CA Laval Agglomération,CA,34
200084952,CU Le Havre Seine Métropole,CU,54
200085728,CC Brioude Sud Auvergne,CC,27
200085751,CC Entre Bièvre et Rhône,CC,37
200089456,CA Seine-Eure,CA,60
200090504,CA Coulommiers Pays de Brie,CA,54
200090561,CC Vierzon-Sologne-Berry,CC,16
200090579,CC Terre d'Émeraude Communauté,CC,92
200090751,CA Grand Calais Terres et Mers,CA,14
200093201,Métropole Européenne de Lille,ME,95
200096634,CC des Hautes Vosges,CC,14
200096642,CC Gérardmer Hautes Vosges,CC,8
200096675,CC Baud Communauté,CC,6
200096683,CC Centre Morbihan Communauté,CC,12
200096956,CA Agglomération d'Agen,CA,44
240100610,CC de la Côtière à Montluel,CC,9
240100750,CA du Pays de Gex,CA,27
240100800,CC de Miribel et du Plateau,CC,6
240100883,CC de la Plaine de l'Ain,CC,53
240100891,CC du Pays Bellegardien (CCPB),CC,12
240200444,CC de la Thiérache du Centre,CC,68
240200469,CC du Pays de la Serre,CC,42
240200477,CA GrandSoissons Agglomération,CA,27
240200493,CC du Pays du Vermandois,CC,54
240200501,CC du Val de l'Aisne,CC,57
240200519,CC du Canton d'Oulchy-le-Château,CC,26
240200576,CC de la Champagne Picarde,CC,46
240200584,CC du Canton de Charly-sur-Marne,CC,21
240200592,CC du Chemin des Dames,CC,30
240200600,CC des Trois Rivières,CC,26
240200634,CC des Portes de la Thiérache,CC,30
240300491,CC du Pays de Lapalisse,CC,14
240300558,CC du Pays de Tronçais,CC,15
240300566,CC du Val de Cher,CC,7
240300657,CC du Pays d'Huriel,CC,14
240400440,CC Pays Forcalquier et Montagne de Lure,CC,13
240500439,CC du Briançonnais,CC,13
240500462,CC du Pays des Ecrins,CC,8
240600551,CA de la Riviera Française,CA,15
240600585,CA de Sophia Antipolis,CA,24
240600593,CC du Pays des Paillons,CC,11
240700302,CC du Pays Beaume-Drobie,CC,19
240700617,CC Val de Ligne,CC,11
240700716,CC du Val d'Ay,CC,8
240700815,CC Berg et Coiron,CC,13
240700864,CC du Rhône aux Gorges de l'Ardèche,CC,9
240800821,"CC Ardenne, Rives de Meuse",CC,19
240800847,CC des Portes du Luxembourg,CC,50
240800862,CC des Crêtes Préardennaises,CC,94
240800920,CC de l'Argonne Ardennaise,CC,95
240900431,CC du Pays de Tarascon,CC,20
240900464,CC du Pays d'Olmes,CC,24
241000223,"CC Forêts, Lacs, Terres en Champagne",CC,15
241000405,CC de la Région de Bar-sur-Aube,CC,27
241000447,CC du Pays d'Othe,CC,14
241000488,CC de l'Orvin et de l'Ardusson,CC,25
241100593,CA Le Grand Narbonne,CA,37
241200187,CA Rodez Agglomération,CA,8
241200542,CC du Réquistanais,CC,11
241200567,CC de Millau Grands Causses,CC,15
241200625,CC du Pays Rignacois,CC,8
241200641,CC Conques-Marcillac,CC,12
241200658,CC du Pays de Salars,CC,9
241200674,CC du Plateau de Montbazens,CC,13
241200765,CC de Lévézou Pareloup,CC,10
241200807,CC Aveyron Bas Ségala Viaur,CC,7
241200906,CC Larzac et Vallées,CC,16
241200914,CC de la Muse et des Raspes du Tarn,CC,13
241300375,CC Vallée des Baux-Alpilles (CC VBA),CC,10
241300417,CA d'Arles-Crau-Camargue-Montagnette,CA,6
241400415,CC Cœur Côte Fleurie,CC,12
241400514,CC du Pays de Falaise,CC,58
241400555,CC de Bayeux Intercom,CC,36
241400860,CC Cœur de Nacre,CC,12
241400878,CC Terre d'Auge,CC,44
241500230,CA du Bassin d'Aurillac,CA,25
241500255,CC du Pays Gentiane,CC,17
241500271,CC du Pays de Mauriac,CC,11
241501055,CC Sumène - Artense,CC,16
241501089,CC Cère et Goul en Carladès,CC,11
241501139,CC du Pays de Salers,CC,27
241600303,CC du Rouillacais,CC,13
241700434,CA de La Rochelle,CA,28
241700459,CC de l'Île de Ré,CC,10
241700517,CC Cœur de Saintonge,CC,18
241700624,CC de l'Île d'Oléron,CC,8
241700632,CC de Gémozac et de la Saintonge Viticole,CC,16
241700640,CA Royan Atlantique,CA,33
241700699,CC du Bassin de Marennes,CC,6
241800374,CC La Septaine,CC,15
241800424,CC du Dunois,CC,17
241800432,CC Les Trois Provinces,CC,11
241800457,CC FerCher,CC,9
241800507,CA Bourges Plus,CA,17
241900133,CC de Ventadour - Egletons - Monédières,CC,19
241927201,CA Tulle Agglo,CA,43
241927243,CC du Pays d'Uzerche,CC,12
242000354,CA de Bastia,CA,5
242000495,CC de l'Alta Rocca,CC,18
242000503,CC Celavu-Prunelli,CC,10
242010056,CA du Pays Ajaccien,CA,10
242010130,CC du Sartenais Valinco Taravo,CC,18
242020071,CC du Centre Corse,CC,10
242020105,CC de Calvi Balagne,CC,14
242100154,CC des Vallées de la Tille et de l'Ignon,CC,23
242100410,Dijon Métropole,ME,23
242101434,CC du Pays Châtillonnais,CC,107
242101442,CC de Saulieu,CC,12
242101459,CC du Pays d'Alésia et de la Seine,CC,24
242101491,CC du Montbardois,CC,33
242101509,CC Rives de Saône,CC,38
242200715,CC du Kreiz-Breizh (CCKB),CC,23
242300135,CC du Pays Sostranien,CC,10
242320000,CC de Bénévent Grand Bourg,CC,16
242320109,CC du Pays Dunois,CC,17
242400752,CC Périgord-Limousin,CC,22
242400935,CC du Pays de Saint-Aulaye,CC,6
242401024,CC Isle-Loue-Auvézère en Périgord,CC,28
242500320,CC de Montbenoît,CC,16
242500338,CC du Grand Pontarlier,CC,10
242500361,CU Grand Besançon Métropole,CU,68
242504116,CC du Val de Morteau,CC,8
242504181,CC des Portes du Haut-Doubs,CC,47
242504355,CC du Plateau de Russey,CC,17
242504371,CC du Pays de Sancey-Belleherbe,CC,27
242504447,CC du Doubs Baumois,CC,58
242504488,CC Altitude 800,CC,11
242504496,CC du Plateau de Frasne et du Val du Drugeon (CFD),CC,10
242600252,CC du Val de Drôme en Biovallée,CC,29
242600492,CC Dieulefit-Bourdeaux,CC,21
242600534,CC du Diois,CC,50
242700276,CC du Pays de Conches,CC,25
242700607,CC du Pays du Neubourg,CC,41
242852465,CC du Bonnevalais,CC,19
242900074,CC du Pays d'Iroise,CC,19
242900314,Brest Métropole,ME,8
242900553,CC du Pays des Abers,CC,13
242900561,CC de Haute Cornouaille,CC,11
242900629,CC Cap Sizun - Pointe du Raz,CC,10
242900645,CC Douarnenez Communauté,CC,5
242900660,CC du Pays Fouesnantais,CC,7
242900694,CA Quimperlé Communauté,CA,16
242900702,CC du Pays Bigouden Sud,CC,12
242900710,CC du Haut Pays Bigouden,CC,10
242900744,CC Poher communauté,CC,11
242900751,CC du Pays de Landivisiau,CC,19
242900769,CA Concarneau Cornouaille Agglomération,CA,9
242900793,CC Communauté Lesneven Côte des Légendes,CC,14
242900801,CA du Pays de Landerneau-Daoulas,CA,22
242900835,CA Morlaix Communauté,CA,26
243000270,CC du Pays Viganais,CC,21
243000296,CC du Pays de Sommières,CC,18
243000569,"CC Rhony, Vistre, Vidourle",CC,10
243000585,CC Beaucaire Terre d'Argence,CC,5
243000593,CC de Petite Camargue,CC,5
243000643,CA de Nîmes Métropole,CA,39
243000650,CC Terre de Camargue,CC,3
243000684,CC du Pont du Gard,CC,16
243100518,Toulouse Métropole,ME,37
243100567,CC Lauragais Revel Sorezois,CC,28
243100633,CA du Sicoval,CA,36
243100732,CC des Coteaux du Girou,CC,18
243100773,CC Val'Aïgo,CC,9
243100781,CC Le Grand Ouest Toulousain,CC,7
243100815,CC des Coteaux Bellevue,CC,7
243200391,CC de la Lomagne Gersoise,CC,43
243200409,CC du Bas Armagnac,CC,26
243200417,CC de la Tenarèze,CC,26
243200425,CC Cœur d'Astarac en Gascogne,CC,19
243200458,CC du Grand Armagnac,CC,25
243200508,CC Bastides et Vallons du Gers,CC,30
243200599,CC du Saves,CC,32
243200607,CC Artagnan de Fezensac,CC,25
243300316,Bordeaux Métropole,ME,28
243300563,CA Bassin d'Arcachon Sud (COBAS),CA,4
243300811,CC de l'Estuaire,CC,14
243301165,CC Jalle-Eau-Bourde,CC,3
243301181,CC Latitude Nord Gironde,CC,12
243301215,CC du Créonnais,CC,15
243301223,CC du Grand Cubzaguais,CC,16
243301249,CC Les Rives de la Laurence,CC,6
243301264,CC de Montesquieu,CC,13
243301355,CC Les Coteaux Bordelais,CC,8
243301371,CC du Pays Foyen,CC,20
243301389,CC Médullienne,CC,10
243301397,CC du Fronsadais,CC,18
243301405,CC du Val de l'Eyre,CC,5
243301439,CC des Portes de l'Entre-Deux-Mers,CC,11
243301447,CC Médoc Estuaire,CC,10
243301454,CC Castillon/Pujols,CC,31
243301504,CA du Bassin d'Arcachon Nord,CA,8
243400017,Montpellier Méditerranée Métropole,ME,31
243400355,CC du Clermontais,CC,21
243400470,CA du Pays de l'Or,CA,8
243400488,CC La Domitienne,CC,8
243400520,CC du Pays de Lunel,CC,14
243400694,CC Vallée de l'Hérault,CC,28
243400736,CC des Cévennes Gangeoises et Suménoises,CC,13
243400769,CA de Béziers-Méditerranée,CA,17
243400819,CA Hérault-Méditerranée,CA,20
243500139,Rennes Métropole,ME,43
243500550,CC Montfort Communauté,CC,8
243500618,CC Brocéliande Communauté,CC,8
243500634,CC Roche aux Fées Communauté,CC,16
243500659,CC Pays de Châteaugiron Communauté,CC,5
243500667,CC Val d'Ille-Aubigné,CC,19
243500725,CC Côte d'Émeraude,CC,8
243500733,CC Bretagne Romantique,CC,25
243500741,CA Redon Agglomération,CA,31
243500774,CC Liffré-Cormier Communauté,CC,9
243500782,CA du Pays de Saint Malo Agglomération,CA,18
243600202,CC Chabris - Pays de Bazelle,CC,10
243600236,CC du Pays d'Issoudun,CC,12
243600293,CC Levroux Boischaut Champagne,CC,10
243600301,CC Val de l'Indre - Brenne,CC,12
243600319,CC Brenne - Val de Creuse,CC,28
243600327,CA Châteauroux Métropole,CA,14
243600343,CC Cœur de Brenne,CC,11
243600350,CC de la Châtre et Sainte-Sévère,CC,30
243700499,CC du Castelrenaudais,CC,16
243700754,Tours Métropole Val de Loire,ME,22
243700820,CC Autour de Chenonceaux Bléré-Val de Cher,CC,15
243800604,CA Porte de l'Isère (CAPI),CA,22
243800745,CC de l'Oisans,CC,19
243800935,CC Lyon Saint Exupéry en Dauphiné,CC,6
243800984,CA du Pays Voironnais,CA,31
243801024,CC du Massif du Vercors,CC,6
243801073,CC de Bièvre Est,CC,14
243801255,CC Collines Isère Nord Communauté,CC,10
243900354,CC de la Station des Rousses-Haut Jura,CC,4
243900420,CC du Val d'Amour,CC,24
243900479,CC Haut-Jura Arcade Communauté,CC,4
243900560,CC Jura Nord,CC,32
243900610,CC La Grandvallière,CC,8
243901089,CC de la Plaine Jurassienne,CC,21
244000543,CC de Mimizan,CC,6
244000659,CC du Seignanx,CC,8
244000675,CA du Grand Dax,CA,20
244000691,CC du Pays Morcenais,CC,6
244000766,CC du Pays Tarusate,CC,17
244000774,CC du Pays de Villeneuve en Armagnac Landais,CC,12
244000808,CA Mont de Marsan Agglomération,CA,18
244000824,CC du Pays Grenadois,CC,11
244000857,CC Côte Landes Nature,CC,10
244000865,CC Maremne Adour Côte Sud,CC,23
244000873,CC des Grands Lacs,CC,7
244000881,CC Coteaux et Vallées des Luys,CC,16
244100293,CC des Collines du Perche,CC,12
244100780,CC de la Sologne des Étangs,CC,12
244100798,CC du Grand Chambord,CC,16
244100806,CC de la Sologne des Rivières,CC,7
244200614,CC des Vals d'Aix et Isable,CC,12
244200622,CC des Monts du Pilat,CC,16
244200630,CC du Pays entre Loire et Rhône,CC,16
244200770,Saint-Etienne Métropole,ME,53
244200820,CC du Pays d'Urfé,CC,11
244200895,CC du Pilat Rhodanien,CC,14
244300307,CC du Pays de Montfaucon,CC,8
244301016,CC des Sucs,CC,9
244301099,CC Auzon Communauté,CC,12
244301107,CC du Haut-Lignon,CC,6
244301123,CC des Pays de Cayres et de Pradelles,CC,20
244301131,CC Loire et Semène,CC,7
244400404,Nantes Métropole,ME,24
244400438,CC Grand Lieu Communauté,CC,9
244400453,CC Pays de Blain Communauté,CC,4
244400503,CC d'Erdre et Gesvres,CC,12
244400537,CC de Nozay,CC,7
244400552,CC du Pays d'Ancenis,CC,20
244400586,CC du Sud Estuaire,CC,6
244400610,CA de la Presqu'île de Guérande Atlantique (Cap Atlantique),CA,15
244400644,CA de la Région Nazairienne et de l'Estuaire (CARENE),CA,10
244500203,CA Montargoise et Rives du Loing (AME),CA,15
244500211,CC Giennoises,CC,11
244500419,CC des Quatre Vallées,CC,19
244500427,CC des Loges,CC,20
244500468,Orléans Métropole,ME,22
244500484,CC de la Forêt,CC,10
244500542,CC de la Plaine du Nord Loiret,CC,15
244600433,CC de la Vallée du Lot et du Vignoble,CC,27
244600482,CC Quercy - Bouriane,CC,20
244600532,CC du Pays de Lalbenque-Limogne,CC,23
244600573,CC du Causse de Labastide-Murat,CC,17
244700449,CC du Pays de Duras,CC,17
244700464,CC du Pays de Lauzun,CC,20
244701355,CC des Coteaux et Landes de Gascogne,CC,27
244701405,CC Lot et Tolzac,CC,15
244800405,CC Cœur de Lozère,CC,7
244800470,CC du Gévaudan,CC,12
244900015,CU Angers Loire Métropole,CU,29
244900809,CC Anjou Bleu Communauté,CC,11
244900882,CC Baugeois Vallée,CC,7
245100615,CC de la Grande Vallée de la Marne,CC,14
245100888,CC de la Brie Champenoise,CC,20
245100979,CC du Sud Marnais,CC,14
245200597,CC des Trois Forêts,CC,29
245300223,CC du Pays de Meslay-Grez,CC,22
245300355,CC de l'Ernée,CC,15
245300389,CC du Bocage Mayennais,CC,27
245300447,CC du Pays de Château-Gontier,CC,16
245400171,CC Moselle et Madon,CC,19
245400189,CC des Pays du Sel et du Vermois,CC,16
245400262,CA Grand Longwy Agglomération,CA,21
245400510,CC du Pays de Colombey et du Sud Toulois,CC,38
245400601,CC du Bassin de Pompey,CC,13
245400676,Métropole du Grand Nancy,ME,20
245400759,CC du Pays du Sanon,CC,28
245500327,CC du Sammiellois,CC,19
245501176,CC du Territoire de Fresnes-en-Woëvre,CC,32
245501184,CC du Pays de Revigny-sur-Ornain,CC,16
245501242,CC du Pays d'Étain,CC,26
245501259,CC du Pays de Montmédy,CC,25
245600440,CC Blavet Bellevue Océan Communauté,CC,5
245600465,CC de Belle-Île-en-Mer,CC,4
245614383,CC Questembert Communauté,CC,13
245614417,CC Roi Morvan Communauté,CC,21
245614433,CC Pontivy Communauté,CC,24
245700133,CC du District Urbain de Faulquemont,CC,33
245700372,CA de Forbach Porte de France,CA,21
245700398,CC de Freyming-Merlebach,CC,11
245700695,CC de Cattenom et Environs,CC,22
245700950,CC du Pays de Phalsbourg,CC,26
245701164,CC du Warndt,CC,5
245701206,CC du Saulnois,CC,128
245701222,CA du Val de Fensch,CA,10
245701271,CC du Pays Orne Moselle,CC,12
245701354,CC de l'Arc Mosellan,CC,26
245701362,CA Portes de France-Thionville,CA,13
245701404,CC du Pays Haut Val d'Alzette,CC,8
245801063,CC Loire et Allier,CC,6
245804406,CA de Nevers,CA,13
245804497,CC du Nivernais Bourbonnais,CC,9
245900428,CU de Dunkerque,CU,17
245900758,CC Flandre Lys,CC,8
245901038,CC du Pays Solesmois,CC,15
245901152,CC Cœur d'Ostrevent,CC,21
245901160,CA Valenciennes Métropole,CA,35
246000129,CC du Liancourtois,CC,10
246000376,CC du Clermontois,CC,18
246000566,CC du Plateau Picard,CC,52
246000582,CC des Sablons,CC,20
246000707,CC du Vexin-Thelle,CC,37
246000749,CC des Lisières de l'Oise,CC,20
246000756,CC du Pays Noyonnais,CC,42
246000764,CC de l'Aire Cantilienne,CC,11
246000772,CC des Deux Vallées,CC,16
246000848,CC de la Picardie Verte,CC,88
246000855,CC du Pays des Sources,CC,48
246000871,CC du Pays de Valois,CC,62
246000897,CC de la Plaine d'Estrées,CC,19
246000913,CC du Pays de Bray,CC,23
246000921,CC des Pays d'Oise et d'Halatte,CC,17
246100390,CC du Val d'Orne,CC,17
246100663,CU d'Alençon,CU,31
246200299,CA d'Hénin-Carvin,CA,14
246200364,CA de Lens - Liévin,CA,36
246200380,CC de la Terre des Deux Caps,CC,21
246200729,CA du Boulonnais,CA,22
246200844,CC de la Région d'Audruicq,CC,15
246201016,CC du Pays de Lumbres,CC,36
246300701,Clermont Auvergne Métropole,ME,21
246300966,CC du Massif du Sancy,CC,20
246301097,CC Entre Dore et Allier,CC,14
246400337,CC de la Vallée d'Ossau,CC,18
246401756,CC Pays de Nay,CC,29
246500482,CC de la Haute-Bigorre,CC,25
246500573,CC Aure Louron,CC,46
246600282,CC Sud-Roussillon,CC,6
246600373,CC du Vallespir,CC,10
246600399,CC Pyrénées Cerdagne,CC,19
246600415,CC Roussillon-Conflent,CC,16
246600423,CC Agly Fenouillèdes,CC,24
246600449,CC des Aspres,CC,19
246600464,CC Pyrénées catalanes,CC,19
246600548,CC du Haut Vallespir,CC,14
246700306,CC de la Vallée de la Bruche,CC,26
246700488,Eurométropole de Strasbourg,ME,33
246700744,CC des Portes de Rosheim,CC,9
246700777,CC de la Vallée de Villé,CC,18
246700843,CC de la Basse-Zorn,CC,7
246700926,CC du Pays de Wissembourg,CC,12
246700959,CC du Pays de la Zorn,CC,20
246700967,CC de Sélestat,CC,12
246701064,CC de la Région de Molsheim-Mutzig,CC,18
246701080,CC du Pays de Sainte-Odile,CC,6
246701098,CC du Pays de Niederbronn-les-Bains,CC,13
246800205,CC de la Vallée de Saint-Amarin,CC,15
246800395,CC du Val d'Argent,CC,4
246800445,CC du Centre du Haut-Rhin,CC,9
246800494,"CC du Pays de Rouffach, Vignobles et Châteaux",CC,11
246800551,CC de la Vallée de Kaysersberg,CC,8
246800569,CC de la Région de Guebwiller,CC,19
246800577,CC du Pays de Ribeauvillé,CC,16
246800585,CC de la Vallée de Munster,CC,16
246800676,CC de la Vallée de la Doller et du Soultzbach,CC,15
246800726,CA Colmar Agglomération,CA,20
246900575,CC de l'Est Lyonnais (CCEL),CC,8
246900625,CC du Pays de l'Arbresle (CCPA),CC,17
246900724,CC des Vallons du Lyonnais (CCVL),CC,8
246900740,CC du Pays Mornantais (COPAMO),CC,11
246900757,CC de la Vallée du Garon (CCVG),CC,5
246900765,CC du Pays de l'Ozon,CC,7
247000011,CA de Vesoul,CA,20
247000367,CC des Combes,CC,27
247000623,CC des Quatre Rivières,CC,41
247000664,CC du Pays de Lure,CC,23
247000698,CC des Monts de Gy,CC,25
247000706,CC du Pays Riolais,CC,33
247000714,CC du Pays de Villersexel,CC,34
247000722,CC du Pays d'Héricourt,CC,23
247000755,CC du Pays de Luxeuil,CC,15
247000821,CC Rahin et Chérimont,CC,9
247000854,CC des 1000 étangs,CC,26
247100290,CU Le Creusot Montceau-les-Mines,CU,34
247100589,CA Le Grand Chalon,CA,51
247100639,CC de Marcigny,CC,12
247100647,CC Bresse Nord Intercom',CC,16
247103765,CC Entre Saône et Grosne,CC,23
247103864,CC de Semur-en-Brionnais,CC,14
247104094,CC Sud Côte Chalonnaise,CC,36
247200090,CC du Pays Sabolien,CC,17
247200132,CU Le Mans Métropole,CU,20
247200348,CC du Pays Fléchois,CC,14
247200421,CC du Sud Est Manceau,CC,5
247200447,CC Orée de Bercé - Belinois,CC,8
247200629,CC du Val de Sarthe,CC,16
247200686,CC du Pays de l'Huisne Sarthoise,CC,33
247300015,CC des Vallées d'Aigueblanche,CC,3
247300254,CC de Haute-Tarentaise,CC,8
247300262,CC de Yenne,CC,13
247300361,CC du Canton de La Chambre,CC,12
247300452,CC Maurienne Galibier,CC,6
247300528,CC Val Guiers,CC,11
247300668,CC du Lac d'Aiguebelette (CCLA),CC,10
247300676,CC Porte de Maurienne,CC,11
247300817,CC Les Versants d'Aime,CC,4
247400047,CC de la Vallée Verte,CC,8
247400112,CC du Pays de Cruseilles,CC,13
247400567,CC Fier et Usses,CC,7
247400583,CC Arve et Salève,CC,8
247400617,CC des Vallées de Thônes,CC,12
247400666,CC des Quatre Rivières,CC,11
247400682,CC du Haut-Chablais,CC,15
247400690,CC du Genevois,CC,17
247400724,CC du Pays Rochois,CC,9
247400740,CC Rumilly Terre de Savoie,CC,17
247400773,CC des Sources du Lac d'Annecy,CC,7
247600505,CC Campagne-de-Caux,CC,22
247600588,CC des Villes Sœurs,CC,28
247600604,CC de Londinières,CC,16
247600620,CC Yvetot Normandie,CC,19
247600646,CC Caux - Austreberthe,CC,9
247600729,CC Falaises du Talou,CC,24
247600786,CA de la Région Dieppoise,CA,16
247700032,CC Moret Seine et Loing,CC,18
247700057,CA Melun Val de Seine,CA,20
247700065,CC du Pays de l'Ourcq,CC,22
247700107,CC Pays de Montereau,CC,21
247700339,CA Val d'Europe Agglomération,CA,10
247700594,CA Marne et Gondoire,CA,20
247700644,CC l'Orée de la Brie,CC,4
247700701,CC Brie Nangissienne,CC,20
247800550,CC du Pays Houdanais (CCPH),CC,36
247800584,CA Versailles Grand Parc (CAVGP),CA,18
247800618,CC Cœur d'Yvelines,CC,31
247900798,CC du Thouarsais,CC,24
248000499,CC du Val de Somme,CC,33
248000531,CA Amiens Métropole,CA,39
248000747,CC du Pays du Coquelicot,CC,65
248100158,CC du Sor et de l'Agout,CC,26
248100430,CA de Castres Mazamet,CA,14
248100497,CC Val 81,CC,19
248100737,CA de l'Albigeois (C2A),CA,16
248100745,CC Thoré Montagne Noire,CC,9
248200016,CC des Deux Rives,CC,28
248200057,CC du Quercy Caussadais,CC,19
248200065,CC de la Lomagne Tarn-et-Garonnaise,CC,31
248200099,CA Grand Montauban,CA,11
248200107,CC du Quercy Rouergue et des Gorges de l'Aveyron,CC,17
248300394,CA Sud Sainte Baume,CA,9
248300410,CC de la Vallée du Gapeau,CC,5
248300493,CA Dracénie Provence Verdon Agglomération,CA,23
248300543,Métropole Toulon-Provence-Méditerranée,ME,12
248300550,CC Cœur du Var,CC,11
248400053,CA Ventoux-Comtat-Venaissin (COVE),CA,25
248400160,CC Aygues-Ouvèze en Provence (CCAOP),CC,8
248400236,CC Pays d'Orange en Provence,CC,5
248400251,CA du Grand Avignon (COGA),CA,16
248400285,CC Territoriale Sud-Luberon,CC,16
248400293,CA des Sorgues du Comtat,CA,5
248400319,CC du Pays des Sorgues et des Monts de Vaucluse,CC,5
248400335,CC Vaison Ventoux,CC,19
248500191,CC de l'Île de Noirmoutier,CC,4
248500258,CC Océan Marais de Monts,CC,5
248500340,CC Pays de Chantonnay,CC,10
248500415,CC du Pays de la Châtaigneraie,CC,16
248500464,CC du Pays de Pouzauges,CC,10
248500530,CC du Pays des Achards,CC,9
248500563,"CC Vendée, Sèvre, Autise",CC,15
248500589,CA La Roche-sur-Yon Agglomération,CA,13
248500621,CC du Pays des Herbiers,CC,8
248500662,CC du Pays de Mortagne,CC,11
248600413,CA Grand Châtellerault,CA,47
248600447,CC du Pays Loudunais,CC,45
248700189,CC du Pays de Saint-Yrieix,CC,9
248719262,CC Gartempe - Saint-Pardoux,CC,6
248719288,CC du Val de Vienne,CC,9
248719312,CU Limoges Métropole,CU,20
248719338,CC Briance-Combade,CC,10
248719353,CC des Portes de Vassivière,CC,12
248719361,CC de Noblat,CC,12
248900334,CA du Grand Sénonais,CA,27
248900383,CC de l'Agglomération Migennoise,CC,8
248900524,CC de l'Aillantais en Bourgogne,CC,13
248900664,CC de la Vanne et du Pays d'Othe,CC,22
248900748,CC du Gâtinais en Bourgogne,CC,26
248900896,CC Yonne Nord,CC,23
248900938,CC du Jovinien,CC,19
249000241,CC du Sud Territoire,CC,27
249100074,CC du Pays de Limours (CCPL),CC,14
249100157,CC des Deux Vallées,CC,15
249100546,CC du Val d'Essonne (CCVE),CC,21
249100553,CC Entre Juine et Renarde (CCEJR),CC,16
249100595,CC Le Dourdannais en Hurepoix (CCDH),CC,11
249500109,CA de Cergy-Pontoise,CA,13
249500430,CC Sausseron Impressionnistes,CC,15
249500455,CC de la Vallée de l'Oise et des Trois Forêts,CC,9
249500489,CC du Haut Val d'Oise,CC,9
249500513,CC du Vexin-Val de Seine,CC,26
249710047,CC de Marie-Galante,CC,3
249710062,CA du Nord Basse-Terre,CA,6
249710070,CA Grand Sud Caraïbe,CA,11
249720053,CA de l'Espace Sud de la Martinique,CA,12
249720061,CA du Centre de la Martinique,CA,4
249730037,CC de l'Ouest Guyanais,CC,8
249730045,CA du Centre Littoral,CA,6
249730052,CC de l'Est Guyanais,CC,4
249740077,CA CIVIS (Communauté Intercommunale des Villes Solidaires),CA,6
249740085,CA du Sud,CA,4
249740093,CA Intercommunale de la Réunion Est (CIREST),CA,6
249740101,CA Territoire de la Côte Ouest (TCO),CA,5
249740119,CA Intercommunale du Nord de la Réunion (CINOR),CA,3
ZZZZZZZZZ,Sans objet,ZZ,4